Timestamp,Accelerometer_X_g,Accelerometer_Y_g,Accelerometer_Z_g,Gyroscope_X_deg_s,Gyroscope_Y_deg_s,Gyroscope_Z_deg_s,label,Event_ID,Label_Source
2026-07-28 10:07:49.211,0.1,-0.46,0.87,5.8,-9.58,-10.5,NO_FALL,,
2026-07-28 10:07:49.212,0.16,-0.43,0.94,7.63,-2.01,3.3,NO_FALL,,
2026-07-28 10:07:49.212,0.18,-0.37,0.93,7.63,-6.9,-5.62,NO_FALL,,
2026-07-28 10:07:49.212,0.18,-0.37,0.93,7.63,-6.9,-5.62,NO_FALL,,
2026-07-28 10:07:49.213,0.16,-0.29,0.91,2.14,-9.28,-15.56,NO_FALL,,
2026-07-28 10:07:49.213,0.16,-0.29,0.91,2.14,-9.28,-15.56,NO_FALL,,
2026-07-28 10:07:49.217,0.12,-0.32,0.87,4.7,-9.16,-4.27,NO_FALL,,
2026-07-28 10:07:49.217,0.12,-0.32,0.87,4.7,-9.16,-4.27,NO_FALL,,
2026-07-28 10:07:49.269,0.08,-0.39,0.85,9.03,-4.88,11.17,NO_FALL,,
2026-07-28 10:07:49.270,0.08,-0.39,0.85,9.03,-4.88,11.17,NO_FALL,,
2026-07-28 10:07:49.329,0.06,-0.42,0.89,5.31,6.1,9.58,NO_FALL,,
2026-07-28 10:07:49.329,0.06,-0.42,0.89,2.56,13.37,-0.67,NO_FALL,,
2026-07-28 10:07:49.329,0.07,-0.4,0.94,2.56,13.37,-0.67,NO_FALL,,
2026-07-28 10:07:49.388,0.11,-0.34,0.96,4.03,10.93,-11.47,NO_FALL,,
2026-07-28 10:07:49.389,0.11,-0.34,0.96,4.03,10.93,-11.47,NO_FALL,,
2026-07-28 10:07:49.389,0.17,-0.31,0.96,7.57,4.03,-14.4,NO_FALL,,
2026-07-28 10:07:49.569,0.17,-0.31,0.96,7.57,4.03,-14.4,NO_FALL,,
2026-07-28 10:07:49.569,0.22,-0.31,0.93,13.0,-4.88,-9.4,NO_FALL,,
2026-07-28 10:07:49.569,0.22,-0.31,0.93,13.0,-4.88,-9.4,NO_FALL,,
2026-07-28 10:07:49.570,0.23,-0.29,0.9,15.26,-11.17,-7.69,NO_FALL,,
2026-07-28 10:07:49.571,0.23,-0.29,0.9,11.9,-6.65,-7.69,NO_FALL,,
2026-07-28 10:07:49.572,0.21,-0.26,0.91,11.9,-6.65,-7.69,NO_FALL,,
2026-07-28 10:07:49.572,0.17,-0.26,0.95,6.84,3.17,-3.23,NO_FALL,,
2026-07-28 10:07:49.573,0.17,-0.26,0.95,6.84,3.17,-3.23,NO_FALL,,
2026-07-28 10:07:49.629,0.13,-0.28,0.97,3.36,7.51,1.95,NO_FALL,,
2026-07-28 10:07:49.629,0.13,-0.28,0.97,3.36,7.51,1.95,NO_FALL,,
2026-07-28 10:07:49.750,0.09,-0.31,0.97,1.4,7.81,5.62,NO_FALL,,
2026-07-28 10:07:49.750,0.09,-0.31,0.97,1.4,7.81,5.62,NO_FALL,,
2026-07-28 10:07:49.750,0.07,-0.35,0.98,0.31,7.81,6.59,NO_FALL,,
2026-07-28 10:07:49.751,0.07,-0.35,0.98,0.31,7.81,6.59,NO_FALL,,
2026-07-28 10:07:49.751,0.08,-0.36,0.96,1.34,4.27,3.78,NO_FALL,,
2026-07-28 10:07:49.751,0.11,-0.34,0.93,3.91,-1.22,-1.77,NO_FALL,,
2026-07-28 10:07:49.808,0.11,-0.34,0.93,3.91,-1.22,-1.77,NO_FALL,,
2026-07-28 10:07:49.809,0.14,-0.3,0.93,3.54,-0.98,-7.75,NO_FALL,,
2026-07-28 10:07:49.809,0.14,-0.3,0.93,3.54,-0.98,-7.75,NO_FALL,,
2026-07-28 10:07:49.872,0.15,-0.26,0.96,1.04,2.99,-11.05,NO_FALL,,
2026-07-28 10:07:49.872,0.15,-0.26,0.96,1.04,2.99,-11.05,NO_FALL,,
2026-07-28 10:07:49.929,0.15,-0.24,0.96,0.73,2.69,-8.3,NO_FALL,,
2026-07-28 10:07:49.930,0.15,-0.24,0.96,0.73,2.69,-8.3,NO_FALL,,
2026-07-28 10:07:49.931,0.14,-0.28,0.94,2.87,-0.55,-0.24,NO_FALL,,
2026-07-28 10:07:49.988,0.14,-0.28,0.94,3.17,-1.04,4.82,NO_FALL,,
2026-07-28 10:07:49.989,0.13,-0.31,0.94,3.17,-1.04,4.82,NO_FALL,,
2026-07-28 10:07:49.989,0.13,-0.31,0.94,1.59,0.0,2.5,NO_FALL,,
2026-07-28 10:07:50.049,0.13,-0.31,0.94,1.59,0.0,2.5,NO_FALL,,
2026-07-28 10:07:50.049,0.14,-0.29,0.95,0.85,-0.43,-1.65,NO_FALL,,
2026-07-28 10:07:50.050,0.14,-0.29,0.95,0.85,-0.43,-1.65,NO_FALL,,
2026-07-28 10:07:50.108,0.14,-0.28,0.95,1.34,-1.53,-2.81,NO_FALL,,
2026-07-28 10:07:50.109,0.14,-0.28,0.95,1.34,-1.53,-2.81,NO_FALL,,
2026-07-28 10:07:50.169,0.14,-0.27,0.95,1.46,-2.32,-2.08,NO_FALL,,
2026-07-28 10:07:50.169,0.14,-0.27,0.95,1.46,-2.32,-2.08,NO_FALL,,
2026-07-28 10:07:50.169,0.13,-0.28,0.95,0.98,-1.95,-0.37,NO_FALL,,
2026-07-28 10:07:50.352,0.13,-0.3,0.95,1.34,-1.71,2.14,NO_FALL,,
2026-07-28 10:07:50.353,0.13,-0.3,0.95,1.34,-1.71,2.14,NO_FALL,,
2026-07-28 10:07:50.354,0.14,-0.31,0.94,1.53,-1.83,1.77,NO_FALL,,
2026-07-28 10:07:50.356,0.14,-0.31,0.94,1.53,-1.83,1.77,NO_FALL,,
2026-07-28 10:07:50.356,0.14,-0.3,0.94,1.28,-1.34,-0.61,NO_FALL,,
2026-07-28 10:07:50.364,0.14,-0.3,0.94,1.28,-1.34,-0.61,NO_FALL,,
2026-07-28 10:07:50.364,0.14,-0.28,0.94,1.34,-0.79,-1.83,NO_FALL,,
2026-07-28 10:07:50.365,0.14,-0.28,0.94,1.34,-0.79,-1.83,NO_FALL,,
2026-07-28 10:07:50.410,0.14,-0.27,0.95,0.92,0.12,-1.95,NO_FALL,,
2026-07-28 10:07:50.410,0.14,-0.27,0.95,0.92,0.12,-1.95,NO_FALL,,
2026-07-28 10:07:50.411,0.14,-0.27,0.95,0.67,0.37,-1.1,NO_FALL,,
2026-07-28 10:07:50.469,0.14,-0.27,0.95,1.22,-0.12,0.0,NO_FALL,,
2026-07-28 10:07:50.469,0.14,-0.28,0.94,1.22,-0.12,0.0,NO_FALL,,
2026-07-28 10:07:50.469,0.14,-0.29,0.95,1.65,-0.06,0.43,NO_FALL,,
2026-07-28 10:07:50.528,0.14,-0.29,0.95,1.65,-0.06,0.43,NO_FALL,,
2026-07-28 10:07:50.529,0.14,-0.3,0.96,1.59,0.55,-0.55,NO_FALL,,
2026-07-28 10:07:50.529,0.14,-0.3,0.96,1.59,0.55,-0.55,NO_FALL,,
2026-07-28 10:07:50.589,0.14,-0.29,0.98,1.34,0.55,-2.5,NO_FALL,,
2026-07-28 10:07:50.589,0.14,-0.29,0.98,1.34,0.55,-2.5,NO_FALL,,
2026-07-28 10:07:50.650,0.15,-0.27,0.98,1.34,-2.14,-4.15,NO_FALL,,
2026-07-28 10:07:50.650,0.15,-0.27,0.98,1.34,-2.14,-4.15,NO_FALL,,
2026-07-28 10:07:50.650,0.16,-0.26,0.96,0.85,-5.13,-3.66,NO_FALL,,
2026-07-28 10:07:50.709,0.16,-0.27,0.95,-0.85,-4.88,-1.22,NO_FALL,,
2026-07-28 10:07:50.709,0.16,-0.27,0.95,-0.85,-4.88,-1.22,NO_FALL,,
2026-07-28 10:07:50.768,0.16,-0.27,0.93,-2.26,-3.97,0.67,NO_FALL,,
2026-07-28 10:07:50.769,0.16,-0.27,0.93,-2.26,-3.97,0.67,NO_FALL,,
2026-07-28 10:07:50.769,0.17,-0.28,0.92,-2.14,-3.17,2.14,NO_FALL,,
2026-07-28 10:07:50.888,0.17,-0.28,0.92,-2.14,-3.17,2.14,NO_FALL,,
2026-07-28 10:07:50.889,0.16,-0.28,0.93,-2.5,-0.73,1.77,NO_FALL,,
2026-07-28 10:07:50.889,0.16,-0.28,0.93,-2.5,-0.73,1.77,NO_FALL,,
2026-07-28 10:07:50.893,0.15,-0.28,0.94,-2.5,0.06,0.55,NO_FALL,,
2026-07-28 10:07:50.893,0.15,-0.28,0.94,-2.5,0.06,0.55,NO_FALL,,
2026-07-28 10:07:50.893,0.14,-0.29,0.93,-1.34,-0.85,0.85,NO_FALL,,
2026-07-28 10:07:50.949,0.13,-0.3,0.94,-1.34,0.06,1.1,NO_FALL,,
2026-07-28 10:07:50.950,0.13,-0.3,0.94,-1.34,0.06,1.1,NO_FALL,,
2026-07-28 10:07:51.069,0.13,-0.3,0.94,-2.2,2.32,0.06,NO_FALL,,
2026-07-28 10:07:51.069,0.13,-0.3,0.94,-2.2,2.32,0.06,NO_FALL,,
2026-07-28 10:07:51.069,0.13,-0.3,0.95,-2.2,3.23,-1.04,NO_FALL,,
2026-07-28 10:07:51.070,0.13,-0.3,0.95,-2.2,3.23,-1.04,NO_FALL,,
2026-07-28 10:07:51.072,0.13,-0.31,0.94,-0.92,2.62,-0.67,NO_FALL,,
2026-07-28 10:07:51.072,0.13,-0.31,0.94,-0.92,2.62,-0.67,NO_FALL,,
2026-07-28 10:07:51.128,0.14,-0.32,0.95,-0.06,2.56,-0.55,NO_FALL,,
2026-07-28 10:07:51.129,0.15,-0.31,0.94,0.06,2.38,-2.26,NO_FALL,,
2026-07-28 10:07:51.249,0.15,-0.31,0.94,0.06,2.38,-2.26,NO_FALL,,
2026-07-28 10:07:51.249,0.16,-0.3,0.95,0.06,2.08,-3.66,NO_FALL,,
2026-07-28 10:07:51.249,0.16,-0.3,0.95,0.06,2.08,-3.66,NO_FALL,,
2026-07-28 10:07:51.250,0.17,-0.29,0.95,-0.73,1.34,-4.15,NO_FALL,,
2026-07-28 10:07:51.251,0.17,-0.29,0.95,-0.73,1.34,-4.15,NO_FALL,,
2026-07-28 10:07:51.251,0.17,-0.29,0.93,-0.92,-0.43,-3.3,NO_FALL,,
2026-07-28 10:07:51.308,0.17,-0.29,0.93,-0.92,-0.43,-3.3,NO_FALL,,
2026-07-28 10:07:51.309,0.17,-0.3,0.92,-2.14,1.83,-2.69,NO_FALL,,
2026-07-28 10:07:51.309,0.17,-0.3,0.92,-6.53,9.28,-4.58,NO_FALL,,
2026-07-28 10:07:51.368,0.15,-0.3,0.94,-6.53,9.28,-4.58,NO_FALL,,
2026-07-28 10:07:51.369,0.14,-0.29,0.97,-9.64,14.47,-6.16,NO_FALL,,
2026-07-28 10:07:51.488,0.14,-0.29,0.97,-9.64,14.47,-6.16,NO_FALL,,
2026-07-28 10:07:51.489,0.13,-0.29,0.98,-8.0,12.45,-3.23,NO_FALL,,
2026-07-28 10:07:51.490,0.13,-0.29,0.98,-8.0,12.45,-3.23,NO_FALL,,
2026-07-28 10:07:51.490,0.13,-0.33,0.93,0.24,2.01,5.55,NO_FALL,,
2026-07-28 10:07:51.491,0.13,-0.33,0.93,0.24,2.01,5.55,NO_FALL,,
2026-07-28 10:07:51.491,0.12,-0.36,0.91,5.25,-3.11,9.4,NO_FALL,,
2026-07-28 10:07:51.548,0.12,-0.36,0.91,-2.2,9.28,2.87,NO_FALL,,
2026-07-28 10:07:51.549,0.1,-0.36,1.0,-2.2,9.28,2.87,NO_FALL,,
2026-07-28 10:07:51.609,0.1,-0.3,1.06,-8.42,11.9,-7.14,NO_FALL,,
2026-07-28 10:07:51.609,0.1,-0.3,1.06,-8.42,11.9,-7.14,NO_FALL,,
2026-07-28 10:07:51.609,0.12,-0.24,0.97,-3.85,-9.4,-11.47,NO_FALL,,
2026-07-28 10:07:51.729,0.12,-0.24,0.97,-3.85,-9.4,-11.47,NO_FALL,,
2026-07-28 10:07:51.729,0.14,-0.25,0.88,1.71,-22.83,-3.3,NO_FALL,,
2026-07-28 10:07:51.729,0.14,-0.25,0.88,1.71,-22.83,-3.3,NO_FALL,,
2026-07-28 10:07:51.730,0.13,-0.3,0.89,-0.98,-12.88,6.71,NO_FALL,,
2026-07-28 10:07:51.731,0.13,-0.3,0.89,-0.98,-12.88,6.71,NO_FALL,,
2026-07-28 10:07:51.732,0.11,-0.34,0.93,-7.93,2.38,8.3,NO_FALL,,
2026-07-28 10:07:52.028,0.09,-0.38,0.98,-11.41,10.13,8.18,NO_FALL,,
2026-07-28 10:07:52.029,0.09,-0.38,0.98,-11.41,10.13,8.18,NO_FALL,,
2026-07-28 10:07:52.029,0.09,-0.41,0.99,-11.35,7.93,6.47,NO_FALL,,
2026-07-28 10:07:52.030,0.09,-0.41,0.99,-11.35,7.93,6.47,NO_FALL,,
2026-07-28 10:07:52.031,0.12,-0.38,0.96,-10.44,-1.95,-2.14,NO_FALL,,
2026-07-28 10:07:52.032,0.12,-0.38,0.96,-10.44,-1.95,-2.14,NO_FALL,,
2026-07-28 10:07:52.033,0.15,-0.35,0.91,-9.4,-10.86,-10.38,NO_FALL,,
2026-07-28 10:07:52.034,0.15,-0.35,0.91,-9.4,-10.86,-10.38,NO_FALL,,
2026-07-28 10:07:52.035,0.17,-0.34,0.9,-12.57,-10.74,-12.76,NO_FALL,,
2026-07-28 10:07:52.035,0.18,-0.33,0.93,-20.39,-4.58,-14.47,NO_FALL,,
2026-07-28 10:07:52.036,0.18,-0.33,0.93,-20.39,-4.58,-14.47,NO_FALL,,
2026-07-28 10:07:52.037,0.2,-0.32,0.9,-18.31,-6.53,-11.05,NO_FALL,,
2026-07-28 10:07:52.038,0.2,-0.32,0.9,-18.31,-6.53,-11.05,NO_FALL,,
2026-07-28 10:07:52.089,0.22,-0.35,0.79,-3.3,-12.51,2.26,NO_FALL,,
2026-07-28 10:07:52.089,0.22,-0.35,0.79,-3.3,-12.51,2.26,NO_FALL,,
2026-07-28 10:07:52.149,0.27,-0.34,0.61,15.2,-4.39,12.94,NO_FALL,,
2026-07-28 10:07:52.149,0.27,-0.34,0.61,15.2,-4.39,12.94,NO_FALL,,
2026-07-28 10:07:52.150,0.28,-0.26,0.37,29.54,22.58,10.31,NO_FALL,,
2026-07-28 10:07:52.329,0.2,-0.17,0.16,49.68,48.52,20.14,NO_FALL,,
2026-07-28 10:07:52.329,0.2,-0.17,0.16,49.68,48.52,20.14,NO_FALL,,
2026-07-28 10:07:52.329,0.09,-0.06,0.04,114.69,55.48,52.49,NO_FALL,,
2026-07-28 10:07:52.336,0.09,-0.06,0.04,114.69,55.48,52.49,NO_FALL,,
2026-07-28 10:07:52.337,-0.16,0.04,0.36,168.88,66.59,42.6,NO_FALL,,
2026-07-28 10:07:52.337,-0.16,0.04,0.36,168.88,66.59,42.6,NO_FALL,,
2026-07-28 10:07:52.337,-0.41,-0.13,0.87,-10.93,62.32,-51.27,NO_FALL,,
2026-07-28 10:07:52.337,-0.27,-0.54,0.87,-371.15,21.73,-156.92,NO_FALL,,
2026-07-28 10:07:52.389,-0.27,-0.54,0.87,-371.15,21.73,-156.92,NO_FALL,,
2026-07-28 10:07:52.389,0.05,-0.85,0.61,-468.51,-24.48,-150.57,NO_FALL,,
2026-07-28 10:07:52.389,0.05,-0.85,0.61,-468.51,-24.48,-150.57,NO_FALL,,
2026-07-28 10:07:52.448,0.16,-0.93,0.56,-191.71,-25.94,-33.33,NO_FALL,,
2026-07-28 10:07:52.449,0.16,-0.93,0.56,148.99,19.41,55.73,NO_FALL,,
2026-07-28 10:07:52.689,0.07,-0.74,0.69,148.99,19.41,55.73,NO_FALL,,
2026-07-28 10:07:52.689,-0.0,-0.37,0.9,328.92,34.12,60.0,NO_FALL,,
2026-07-28 10:07:52.690,-0.0,-0.37,0.9,328.92,34.12,60.0,NO_FALL,,
2026-07-28 10:07:52.690,-0.04,-0.17,1.02,265.44,14.65,31.98,NO_FALL,,
2026-07-28 10:07:52.691,-0.04,-0.17,1.02,265.44,14.65,31.98,NO_FALL,,
2026-07-28 10:07:52.692,-0.06,-0.29,0.96,59.27,7.39,8.61,NO_FALL,,
2026-07-28 10:07:52.692,-0.06,-0.29,0.96,-54.08,6.16,-2.08,NO_FALL,,
2026-07-28 10:07:52.694,-0.05,-0.4,0.9,-54.08,6.16,-2.08,NO_FALL,,
2026-07-28 10:07:52.694,-0.03,-0.41,0.92,-35.52,4.46,-4.46,NO_FALL,,
2026-07-28 10:07:52.695,-0.03,-0.41,0.92,-35.52,4.46,-4.46,NO_FALL,,
2026-07-28 10:07:52.696,-0.04,-0.39,0.95,3.42,9.95,-3.78,NO_FALL,,
2026-07-28 10:07:52.929,-0.04,-0.39,0.95,3.42,9.95,-3.78,NO_FALL,,
2026-07-28 10:07:52.929,-0.05,-0.36,0.96,19.84,7.93,-2.14,NO_FALL,,
2026-07-28 10:07:52.930,-0.05,-0.36,0.96,19.84,7.93,-2.14,NO_FALL,,
2026-07-28 10:07:52.931,-0.04,-0.35,0.95,16.91,-2.01,-1.53,NO_FALL,,
2026-07-28 10:07:52.932,-0.04,-0.35,0.95,16.91,-2.01,-1.53,NO_FALL,,
2026-07-28 10:07:52.934,-0.03,-0.35,0.93,7.08,-7.02,-2.5,NO_FALL,,
2026-07-28 10:07:52.936,-0.01,-0.33,0.94,4.09,-7.08,-2.08,NO_FALL,,
2026-07-28 10:07:52.936,-0.01,-0.33,0.94,4.09,-7.08,-2.08,NO_FALL,,
2026-07-28 10:07:52.937,-0.01,-0.33,0.95,2.87,-5.49,1.83,NO_FALL,,
2026-07-28 10:07:52.937,-0.01,-0.33,0.95,2.87,-5.49,1.83,NO_FALL,,
2026-07-28 10:07:52.937,-0.02,-0.34,0.96,-0.73,-5.62,4.82,NO_FALL,,
2026-07-28 10:07:52.988,-0.02,-0.34,0.96,-0.73,-5.62,4.82,NO_FALL,,
2026-07-28 10:07:52.990,-0.01,-0.34,0.97,0.37,-11.72,4.27,NO_FALL,,
2026-07-28 10:07:53.049,-0.01,-0.34,0.97,0.37,-11.72,4.27,NO_FALL,,
2026-07-28 10:07:53.049,-0.01,-0.34,0.93,2.08,-20.39,3.72,NO_FALL,,
2026-07-28 10:07:53.049,-0.01,-0.34,0.93,2.08,-20.39,3.72,NO_FALL,,
2026-07-28 10:07:53.168,-0.02,-0.36,0.89,-2.14,-19.29,1.34,NO_FALL,,
2026-07-28 10:07:53.168,-0.02,-0.35,0.9,8.73,-5.74,-4.64,NO_FALL,,
2026-07-28 10:07:53.169,-0.02,-0.35,0.9,8.73,-5.74,-4.64,NO_FALL,,
2026-07-28 10:07:53.170,-0.0,-0.29,0.94,38.94,8.0,-9.28,NO_FALL,,
2026-07-28 10:07:53.171,-0.0,-0.29,0.94,38.94,8.0,-9.28,NO_FALL,,
2026-07-28 10:07:53.230,0.01,-0.23,0.99,55.91,10.74,-8.73,NO_FALL,,
2026-07-28 10:07:53.230,0.01,-0.23,0.99,55.91,10.74,-8.73,NO_FALL,,
2026-07-28 10:07:53.230,0.01,-0.23,0.99,55.91,10.74,-8.73,NO_FALL,,
2026-07-28 10:07:53.289,0.01,-0.23,0.99,55.91,10.74,-8.73,NO_FALL,,
2026-07-28 10:07:53.289,0.0,-0.25,0.99,11.78,3.85,-7.69,NO_FALL,,
2026-07-28 10:07:53.289,0.0,-0.25,0.99,8.18,3.6,-3.97,NO_FALL,,
2026-07-28 10:07:53.349,-0.02,-0.24,0.98,8.18,3.6,-3.97,NO_FALL,,
2026-07-28 10:07:53.349,-0.02,-0.23,0.97,6.9,0.12,-0.43,NO_FALL,,
2026-07-28 10:07:53.349,-0.02,-0.23,0.97,6.9,0.12,-0.43,NO_FALL,,
2026-07-28 10:07:53.529,-0.01,-0.24,0.96,-1.1,-3.11,0.18,NO_FALL,,
2026-07-28 10:07:53.529,-0.01,-0.24,0.96,-1.1,-3.11,0.18,NO_FALL,,
2026-07-28 10:07:53.529,-0.0,-0.24,0.95,-2.75,-3.42,0.43,NO_FALL,,
2026-07-28 10:07:53.530,-0.0,-0.24,0.95,-2.75,-3.42,0.43,NO_FALL,,
2026-07-28 10:07:53.531,0.0,-0.24,0.95,0.31,-0.79,0.67,NO_FALL,,
2026-07-28 10:07:53.532,0.0,-0.24,0.95,0.31,-0.79,0.67,NO_FALL,,
2026-07-28 10:07:53.532,0.0,-0.23,0.97,3.85,2.38,0.67,NO_FALL,,
2026-07-28 10:07:53.533,0.0,-0.22,0.98,4.7,3.91,0.73,NO_FALL,,
2026-07-28 10:07:53.589,0.0,-0.22,0.98,4.7,3.91,0.73,NO_FALL,,
2026-07-28 10:07:53.589,-0.01,-0.22,0.98,3.78,2.99,1.71,NO_FALL,,
2026-07-28 10:07:53.590,-0.01,-0.22,0.98,3.78,2.99,1.71,NO_FALL,,
2026-07-28 10:07:53.649,-0.02,-0.22,1.0,5.25,0.55,3.85,NO_FALL,,
2026-07-28 10:07:53.649,-0.02,-0.22,1.0,5.25,0.55,3.85,NO_FALL,,
2026-07-28 10:07:53.709,-0.03,-0.21,1.02,8.36,-5.74,4.58,NO_FALL,,
2026-07-28 10:07:53.709,-0.03,-0.21,1.02,8.36,-5.74,4.58,NO_FALL,,
2026-07-28 10:07:53.710,-0.01,-0.2,1.02,9.28,-17.64,3.05,NO_FALL,,
2026-07-28 10:07:53.949,-0.01,-0.2,1.02,2.14,-26.79,-0.67,NO_FALL,,
2026-07-28 10:07:53.949,0.02,-0.22,0.98,2.14,-26.79,-0.67,NO_FALL,,
2026-07-28 10:07:53.949,0.06,-0.23,0.96,1.1,-27.34,-4.76,NO_FALL,,
2026-07-28 10:07:53.950,0.06,-0.23,0.96,1.1,-27.34,-4.76,NO_FALL,,
2026-07-28 10:07:53.951,0.08,-0.19,0.95,15.99,-22.22,-3.48,NO_FALL,,
2026-07-28 10:07:53.952,0.08,-0.19,0.95,15.99,-22.22,-3.48,NO_FALL,,
2026-07-28 10:07:53.953,0.08,-0.14,0.95,25.51,-16.24,2.2,NO_FALL,,
2026-07-28 10:07:53.953,0.08,-0.14,0.95,25.51,-16.24,2.2,NO_FALL,,
2026-07-28 10:07:53.954,0.08,-0.15,0.98,16.11,-13.73,2.81,NO_FALL,,
2026-07-28 10:07:53.955,0.08,-0.15,0.98,-0.55,-12.76,1.77,NO_FALL,,
2026-07-28 10:07:53.956,0.07,-0.2,1.02,-0.55,-12.76,1.77,NO_FALL,,
2026-07-28 10:07:54.069,0.05,-0.26,1.09,-18.01,-2.5,6.9,NO_FALL,,
2026-07-28 10:07:54.070,0.05,-0.26,1.09,-18.01,-2.5,6.9,NO_FALL,,
2026-07-28 10:07:54.071,0.06,-0.31,1.23,-27.22,12.57,8.85,NO_FALL,,
2026-07-28 10:07:54.071,0.06,-0.31,1.23,-27.22,12.57,8.85,NO_FALL,,
2026-07-28 10:07:54.071,0.06,-0.33,1.28,-9.52,4.33,-1.65,NO_FALL,,
2026-07-28 10:07:54.130,0.06,-0.33,1.28,-9.52,4.33,-1.65,NO_FALL,,
2026-07-28 10:07:54.130,0.08,-0.29,1.22,18.68,-30.52,-18.07,NO_FALL,,
2026-07-28 10:07:54.188,0.13,-0.23,1.15,26.61,-61.58,-23.8,NO_FALL,,
2026-07-28 10:07:54.188,0.13,-0.23,1.15,26.61,-61.58,-23.8,NO_FALL,,
2026-07-28 10:07:54.189,0.18,-0.17,1.06,22.71,-74.77,-15.87,NO_FALL,,
2026-07-28 10:07:54.248,0.18,-0.17,1.06,22.71,-74.77,-15.87,FALL,12,AUTO_FALL_LIKE
2026-07-28 10:07:54.249,0.24,-0.11,0.97,21.06,-78.55,-7.14,FALL,12,AUTO_FALL_LIKE
2026-07-28 10:07:54.249,0.24,-0.11,0.97,21.06,-78.55,-7.14,FALL,12,AUTO_FALL_LIKE
2026-07-28 10:07:54.309,0.31,-0.09,0.92,23.56,-79.47,4.33,FALL,12,AUTO_FALL_LIKE
2026-07-28 10:07:54.309,0.31,-0.09,0.92,23.56,-79.47,4.33,FALL,12,AUTO_FALL_LIKE
2026-07-28 10:07:54.310,0.35,-0.06,0.85,42.3,-80.02,20.14,FALL,12,AUTO_FALL_LIKE
2026-07-28 10:07:54.369,0.38,-0.03,0.81,54.87,-75.81,21.0,FALL,12,AUTO_FALL_LIKE
2026-07-28 10:07:54.369,0.38,-0.03,0.81,54.87,-75.81,21.0,FALL,12,AUTO_FALL_LIKE
2026-07-28 10:07:54.609,0.43,-0.01,0.8,37.48,-59.63,9.83,FALL,12,AUTO_FALL_LIKE
2026-07-28 10:07:54.610,0.43,-0.01,0.8,37.48,-59.63,9.83,FALL,12,AUTO_FALL_LIKE
2026-07-28 10:07:54.610,0.46,0.01,0.78,10.56,-40.59,13.92,FALL,12,AUTO_FALL_LIKE
2026-07-28 10:07:54.611,0.46,0.01,0.78,10.56,-40.59,13.92,FALL,12,AUTO_FALL_LIKE
2026-07-28 10:07:54.612,0.47,-0.0,0.76,-9.22,-32.59,33.33,FALL,12,AUTO_FALL_LIKE
2026-07-28 10:07:54.612,0.47,-0.04,0.75,-12.57,-34.85,44.19,FALL,12,AUTO_FALL_LIKE
2026-07-28 10:07:54.614,0.47,-0.04,0.75,-12.57,-34.85,44.19,FALL,12,AUTO_FALL_LIKE
2026-07-28 10:07:54.615,0.46,-0.08,0.72,-4.09,-40.41,34.85,FALL,12,AUTO_FALL_LIKE
2026-07-28 10:07:54.615,0.46,-0.08,0.72,-4.09,-40.41,34.85,FALL,12,AUTO_FALL_LIKE
2026-07-28 10:07:54.616,0.47,-0.12,0.7,-3.6,-38.82,17.4,FALL,12,AUTO_FALL_LIKE
2026-07-28 10:07:54.616,0.47,-0.12,0.7,-3.6,-38.82,17.4,FALL,12,AUTO_FALL_LIKE
2026-07-28 10:07:54.857,0.49,-0.15,0.73,-10.31,-25.27,8.18,FALL,12,AUTO_FALL_LIKE
2026-07-28 10:07:54.857,0.49,-0.15,0.73,-10.31,-25.27,8.18,FALL,12,AUTO_FALL_LIKE
2026-07-28 10:07:54.857,0.51,-0.16,0.75,-14.22,-14.34,7.81,FALL,12,AUTO_FALL_LIKE
2026-07-28 10:07:54.857,0.52,-0.15,0.74,-13.12,-15.93,9.46,FALL,12,AUTO_FALL_LIKE
2026-07-28 10:07:54.858,0.52,-0.15,0.74,-13.12,-15.93,9.46,FALL,12,AUTO_FALL_LIKE
2026-07-28 10:07:54.858,0.55,-0.15,0.74,-5.62,-22.71,9.52,FALL,12,AUTO_FALL_LIKE
2026-07-28 10:07:54.858,0.55,-0.15,0.74,-5.62,-22.71,9.52,FALL,12,AUTO_FALL_LIKE
2026-07-28 10:07:54.859,0.58,-0.15,0.73,3.66,-25.82,7.02,FALL,12,AUTO_FALL_LIKE
2026-07-28 10:07:54.859,0.58,-0.15,0.73,3.66,-25.82,7.02,FALL,12,AUTO_FALL_LIKE
2026-07-28 10:07:54.859,0.62,-0.1,0.66,14.59,-22.83,7.32,FALL,12,AUTO_FALL_LIKE
2026-07-28 10:07:54.860,0.62,-0.1,0.66,14.59,-22.83,7.32,FALL,12,AUTO_FALL_LIKE
2026-07-28 10:07:54.969,0.6,0.01,0.5,51.88,-17.33,23.01,FALL,12,AUTO_FALL_LIKE
2026-07-28 10:07:54.969,0.34,0.05,0.21,97.96,-19.9,74.1,FALL,12,AUTO_FALL_LIKE
2026-07-28 10:07:54.969,0.34,0.05,0.21,97.96,-19.9,74.1,FALL,12,AUTO_FALL_LIKE
2026-07-28 10:07:54.970,0.02,0.02,-0.04,106.14,-9.64,120.97,FALL,12,AUTO_FALL_LIKE
2026-07-28 10:07:54.971,0.02,0.02,-0.04,106.14,-9.64,120.97,FALL,12,AUTO_FALL_LIKE
2026-07-28 10:07:55.088,-0.09,-0.01,-0.09,60.67,41.93,93.14,FALL,12,AUTO_FALL_LIKE
2026-07-28 10:07:55.089,-0.09,-0.01,-0.09,60.67,41.93,93.14,FALL,12,AUTO_FALL_LIKE
2026-07-28 10:07:55.089,-0.03,-0.01,-0.02,8.73,121.34,0.43,FALL,12,AUTO_FALL_LIKE
2026-07-28 10:07:55.090,-0.03,-0.01,-0.02,-31.68,193.24,-130.55,FALL,12,AUTO_FALL_LIKE
2026-07-28 10:07:55.091,0.13,-0.26,0.4,-31.68,193.24,-130.55,FALL,12,AUTO_FALL_LIKE
2026-07-28 10:07:55.149,0.03,-0.71,1.16,-115.6,334.23,-246.28,FALL,12,AUTO_FALL_LIKE
2026-07-28 10:07:55.150,0.03,-0.71,1.16,-115.6,334.23,-246.28,FALL,12,AUTO_FALL_LIKE
2026-07-28 10:07:55.210,-0.33,-0.72,1.45,-171.75,414.06,-233.95,FALL,12,AUTO_FALL_LIKE
2026-07-28 10:07:55.210,-0.33,-0.72,1.45,-137.45,280.58,-105.04,FALL,12,AUTO_FALL_LIKE
2026-07-28 10:07:55.210,-0.55,-0.38,1.18,-137.45,280.58,-105.04,FALL,12,AUTO_FALL_LIKE
2026-07-28 10:07:55.269,-0.52,-0.27,0.91,-89.11,109.62,4.21,FALL,12,AUTO_FALL_LIKE
2026-07-28 10:07:55.269,-0.52,-0.27,0.91,-89.11,109.62,4.21,FALL,12,AUTO_FALL_LIKE
2026-07-28 10:07:55.269,-0.31,-0.35,0.79,-43.4,-12.88,27.22,FALL,12,AUTO_FALL_LIKE
2026-07-28 10:07:55.328,-0.31,-0.35,0.79,-43.4,-12.88,27.22,FALL,12,AUTO_FALL_LIKE
2026-07-28 10:07:55.329,-0.15,-0.34,0.84,21.48,-72.45,7.26,FALL,12,AUTO_FALL_LIKE
2026-07-28 10:07:55.510,-0.15,-0.34,0.84,52.06,-51.94,-2.93,FALL,12,AUTO_FALL_LIKE
2026-07-28 10:07:55.510,-0.15,-0.3,0.92,52.06,-51.94,-2.93,FALL,12,AUTO_FALL_LIKE
2026-07-28 10:07:55.511,-0.24,-0.28,0.94,29.6,-4.82,0.31,FALL,12,AUTO_FALL_LIKE
2026-07-28 10:07:55.511,-0.24,-0.28,0.94,29.6,-4.82,0.31,FALL,12,AUTO_FALL_LIKE
2026-07-28 10:07:55.511,-0.3,-0.27,0.91,0.67,16.66,3.6,FALL,12,AUTO_FALL_LIKE
2026-07-28 10:07:55.512,-0.3,-0.27,0.91,0.67,16.66,3.6,FALL,12,AUTO_FALL_LIKE
2026-07-28 10:07:55.512,-0.3,-0.3,0.88,-12.7,12.82,2.62,FALL,12,AUTO_FALL_LIKE
2026-07-28 10:07:55.514,-0.3,-0.3,0.88,-12.7,12.82,2.62,FALL,12,AUTO_FALL_LIKE
2026-07-28 10:07:55.576,-0.27,-0.32,0.89,-9.28,1.77,0.12,FALL,12,AUTO_FALL_LIKE
2026-07-28 10:07:55.577,-0.26,-0.33,0.92,0.67,-3.85,-0.43,FALL,12,AUTO_FALL_LIKE
2026-07-28 10:07:55.578,-0.26,-0.33,0.92,0.67,-3.85,-0.43,FALL,12,AUTO_FALL_LIKE
2026-07-28 10:07:55.629,-0.25,-0.33,0.94,5.92,-2.99,0.79,FALL,12,AUTO_FALL_LIKE
2026-07-28 10:07:55.629,-0.25,-0.33,0.94,5.92,-2.99,0.79,FALL,12,AUTO_FALL_LIKE
2026-07-28 10:07:55.630,-0.26,-0.32,0.95,6.9,-1.95,1.83,FALL,12,AUTO_FALL_LIKE
2026-07-28 10:07:55.689,-0.26,-0.32,0.95,6.9,-1.95,1.83,FALL,12,AUTO_FALL_LIKE
2026-07-28 10:07:55.690,-0.26,-0.31,0.95,7.39,-4.21,2.75,FALL,12,AUTO_FALL_LIKE
2026-07-28 10:07:55.749,-0.26,-0.31,0.95,7.39,-4.21,2.75,FALL,12,AUTO_FALL_LIKE
2026-07-28 10:07:55.749,-0.26,-0.3,0.93,4.7,-7.93,1.59,FALL,12,AUTO_FALL_LIKE
2026-07-28 10:07:55.750,-0.26,-0.3,0.93,-1.22,-7.26,-0.85,FALL,12,AUTO_FALL_LIKE
2026-07-28 10:07:55.808,-0.24,-0.3,0.91,-1.22,-7.26,-0.85,FALL,12,AUTO_FALL_LIKE
2026-07-28 10:07:55.808,-0.23,-0.29,0.91,0.61,-5.8,-1.83,FALL,12,AUTO_FALL_LIKE
2026-07-28 10:07:55.809,-0.23,-0.29,0.91,0.61,-5.8,-1.83,FALL,12,AUTO_FALL_LIKE
2026-07-28 10:07:55.872,-0.22,-0.28,0.92,3.66,-4.94,-1.89,FALL,12,AUTO_FALL_LIKE
2026-07-28 10:07:55.872,-0.22,-0.28,0.92,3.66,-4.94,-1.89,FALL,12,AUTO_FALL_LIKE
2026-07-28 10:07:55.989,-0.22,-0.29,0.92,1.71,-2.44,-0.43,FALL,12,AUTO_FALL_LIKE
2026-07-28 10:07:55.989,-0.22,-0.29,0.92,1.71,-2.44,-0.43,FALL,12,AUTO_FALL_LIKE
2026-07-28 10:07:55.990,-0.23,-0.3,0.91,-0.61,-1.65,1.1,FALL,12,AUTO_FALL_LIKE
2026-07-28 10:07:55.990,-0.23,-0.3,0.91,-0.61,-1.65,1.1,FALL,12,AUTO_FALL_LIKE
2026-07-28 10:07:55.991,-0.24,-0.31,0.91,-2.87,-1.89,1.34,FALL,12,AUTO_FALL_LIKE
2026-07-28 10:07:55.992,-0.24,-0.31,0.91,-2.87,-1.89,1.34,FALL,12,AUTO_FALL_LIKE
2026-07-28 10:07:56.049,-0.24,-0.31,0.91,-2.87,-1.89,1.34,FALL,12,AUTO_FALL_LIKE
2026-07-28 10:07:56.049,-0.24,-0.31,0.91,-2.87,-1.89,1.34,FALL,12,AUTO_FALL_LIKE
2026-07-28 10:07:56.050,-0.26,-0.3,0.94,4.27,-4.09,2.2,FALL,12,AUTO_FALL_LIKE
2026-07-28 10:07:56.290,-0.26,-0.3,0.94,4.27,-4.09,2.2,FALL,12,AUTO_FALL_LIKE
2026-07-28 10:07:56.291,-0.25,-0.3,0.94,3.54,-3.36,1.28,FALL,12,AUTO_FALL_LIKE
2026-07-28 10:07:56.292,-0.23,-0.29,0.94,1.83,-3.11,-0.49,FALL,12,AUTO_FALL_LIKE
2026-07-28 10:07:56.294,-0.23,-0.29,0.94,1.83,-3.11,-0.49,FALL,12,AUTO_FALL_LIKE
2026-07-28 10:07:56.294,-0.21,-0.3,0.93,0.18,-2.93,-1.65,FALL,12,AUTO_FALL_LIKE
2026-07-28 10:07:56.295,-0.21,-0.3,0.93,0.18,-2.93,-1.65,FALL,12,AUTO_FALL_LIKE
2026-07-28 10:07:56.296,-0.2,-0.3,0.92,-0.55,-2.14,-1.71,FALL,12,AUTO_FALL_LIKE
2026-07-28 10:07:56.297,-0.2,-0.3,0.92,-0.55,-2.14,-1.71,FALL,12,AUTO_FALL_LIKE
2026-07-28 10:07:56.300,-0.21,-0.29,0.93,0.49,-0.98,-0.98,FALL,12,AUTO_FALL_LIKE
2026-07-28 10:07:56.302,-0.21,-0.29,0.93,0.49,-0.98,-0.98,FALL,12,AUTO_FALL_LIKE
2026-07-28 10:07:56.303,-0.22,-0.29,0.93,0.0,0.06,-0.37,FALL,12,AUTO_FALL_LIKE
2026-07-28 10:07:56.351,-0.22,-0.29,0.93,0.0,0.06,-0.37,FALL,12,AUTO_FALL_LIKE
2026-07-28 10:07:56.352,-0.23,-0.29,0.92,-0.49,0.24,-0.06,FALL,12,AUTO_FALL_LIKE
2026-07-28 10:07:56.353,-0.23,-0.3,0.92,-0.73,0.49,0.12,FALL,12,AUTO_FALL_LIKE
2026-07-28 10:07:56.409,-0.23,-0.3,0.92,-0.73,0.49,0.12,FALL,12,AUTO_FALL_LIKE
2026-07-28 10:07:56.411,-0.23,-0.3,0.92,-0.06,0.24,0.18,FALL,12,AUTO_FALL_LIKE
2026-07-28 10:07:56.469,-0.23,-0.3,0.92,-0.06,0.24,0.18,FALL,12,AUTO_FALL_LIKE
2026-07-28 10:07:56.470,-0.24,-0.3,0.93,1.04,0.37,0.37,FALL,12,AUTO_FALL_LIKE
2026-07-28 10:07:56.470,-0.24,-0.3,0.93,1.04,0.37,0.37,FALL,12,AUTO_FALL_LIKE
2026-07-28 10:07:56.529,-0.23,-0.3,0.93,1.83,-0.06,0.24,FALL,12,AUTO_FALL_LIKE
2026-07-28 10:07:56.531,-0.23,-0.3,0.93,1.83,-0.06,0.24,FALL,12,AUTO_FALL_LIKE
2026-07-28 10:07:56.531,-0.22,-0.29,0.94,2.81,-2.26,-0.67,FALL,12,AUTO_FALL_LIKE
2026-07-28 10:07:56.591,-0.21,-0.29,0.94,3.23,-3.72,-1.16,FALL,12,AUTO_FALL_LIKE
2026-07-28 10:07:56.592,-0.21,-0.29,0.94,3.23,-3.72,-1.16,FALL,12,AUTO_FALL_LIKE
2026-07-28 10:07:56.649,-0.21,-0.29,0.95,4.64,-5.37,-0.61,FALL,12,AUTO_FALL_LIKE
2026-07-28 10:07:56.650,-0.21,-0.29,0.95,4.64,-5.37,-0.61,FALL,12,AUTO_FALL_LIKE
2026-07-28 10:07:56.650,-0.21,-0.29,0.95,5.62,-7.2,0.06,FALL,12,AUTO_FALL_LIKE
2026-07-28 10:07:56.709,-0.21,-0.29,0.95,5.62,-7.2,0.06,FALL,12,AUTO_FALL_LIKE
2026-07-28 10:07:56.710,-0.22,-0.29,0.95,6.35,-7.51,1.22,FALL,12,AUTO_FALL_LIKE
2026-07-28 10:07:56.710,-0.22,-0.29,0.95,6.35,-7.51,1.22,FALL,12,AUTO_FALL_LIKE
2026-07-28 10:07:56.775,-0.22,-0.28,0.94,8.61,-9.58,2.62,NO_FALL,,
2026-07-28 10:07:56.777,-0.22,-0.28,0.94,11.11,-12.15,3.85,NO_FALL,,
2026-07-28 10:07:56.777,-0.21,-0.27,0.94,11.11,-12.15,3.85,NO_FALL,,
2026-07-28 10:07:56.830,-0.19,-0.26,0.96,19.41,-17.76,4.64,NO_FALL,,
2026-07-28 10:07:56.832,-0.19,-0.26,0.96,19.41,-17.76,4.64,NO_FALL,,
2026-07-28 10:07:56.889,-0.15,-0.22,0.98,29.42,-25.7,3.36,NO_FALL,,
2026-07-28 10:07:56.889,-0.15,-0.22,0.98,29.42,-25.7,3.36,NO_FALL,,
2026-07-28 10:07:56.890,-0.11,-0.19,0.97,26.61,-26.06,0.92,NO_FALL,,
2026-07-28 10:07:56.949,-0.11,-0.19,0.97,26.61,-26.06,0.92,FALL,13,AUTO_FALL_LIKE
2026-07-28 10:07:56.949,-0.09,-0.19,0.93,12.45,-18.92,-0.49,FALL,13,AUTO_FALL_LIKE
2026-07-28 10:07:57.249,-0.12,-0.21,0.9,0.0,-8.79,0.31,FALL,13,AUTO_FALL_LIKE
2026-07-28 10:07:57.249,-0.12,-0.21,0.9,0.0,-8.79,0.31,FALL,13,AUTO_FALL_LIKE
2026-07-28 10:07:57.250,-0.16,-0.24,0.9,-3.36,-1.46,1.04,FALL,13,AUTO_FALL_LIKE
2026-07-28 10:07:57.251,-0.16,-0.24,0.9,-3.36,-1.46,1.04,FALL,13,AUTO_FALL_LIKE
2026-07-28 10:07:57.251,-0.16,-0.23,0.96,7.45,-1.34,-0.18,FALL,13,AUTO_FALL_LIKE
2026-07-28 10:07:57.252,-0.16,-0.23,0.96,7.45,-1.34,-0.18,FALL,13,AUTO_FALL_LIKE
2026-07-28 10:07:57.253,-0.15,-0.18,1.03,19.1,-1.95,-1.65,FALL,13,AUTO_FALL_LIKE
2026-07-28 10:07:57.254,-0.15,-0.18,1.03,19.1,-1.95,-1.65,FALL,13,AUTO_FALL_LIKE
2026-07-28 10:07:57.254,-0.15,-0.17,1.03,12.15,-0.55,-1.95,FALL,13,AUTO_FALL_LIKE
2026-07-28 10:07:57.255,-0.15,-0.18,0.99,-1.34,-2.2,-1.53,FALL,13,AUTO_FALL_LIKE
2026-07-28 10:07:57.256,-0.15,-0.18,0.99,-1.34,-2.2,-1.53,FALL,13,AUTO_FALL_LIKE
2026-07-28 10:07:57.257,-0.13,-0.2,0.94,-7.69,-4.88,-1.83,FALL,13,AUTO_FALL_LIKE
2026-07-28 10:07:57.257,-0.13,-0.2,0.94,-7.69,-4.88,-1.83,FALL,13,AUTO_FALL_LIKE
2026-07-28 10:07:57.258,-0.1,-0.2,0.92,-4.27,-7.08,-2.75,FALL,13,AUTO_FALL_LIKE
2026-07-28 10:07:57.259,-0.1,-0.2,0.92,-4.27,-7.08,-2.75,FALL,13,AUTO_FALL_LIKE
2026-07-28 10:07:57.309,-0.08,-0.19,0.95,3.23,-6.41,-3.05,FALL,13,AUTO_FALL_LIKE
2026-07-28 10:07:57.310,-0.08,-0.19,0.95,3.23,-6.41,-3.05,FALL,13,AUTO_FALL_LIKE
2026-07-28 10:07:57.369,-0.09,-0.18,0.98,6.71,-0.79,-1.77,FALL,13,AUTO_FALL_LIKE
2026-07-28 10:07:57.370,-0.09,-0.18,0.98,4.03,2.81,-0.92,FALL,13,AUTO_FALL_LIKE
2026-07-28 10:07:57.489,-0.11,-0.18,1.0,4.03,2.81,-0.92,FALL,13,AUTO_FALL_LIKE
2026-07-28 10:07:57.490,-0.12,-0.19,1.0,0.06,-0.92,-2.01,FALL,13,AUTO_FALL_LIKE
2026-07-28 10:07:57.490,-0.12,-0.19,1.0,0.06,-0.92,-2.01,FALL,13,AUTO_FALL_LIKE
2026-07-28 10:07:57.491,-0.12,-0.19,0.99,-0.12,-5.92,-2.38,FALL,13,AUTO_FALL_LIKE
2026-07-28 10:07:57.492,-0.12,-0.19,0.99,-0.12,-5.92,-2.38,FALL,13,AUTO_FALL_LIKE
2026-07-28 10:07:57.496,-0.12,-0.19,0.99,0.79,-7.2,-0.67,FALL,13,AUTO_FALL_LIKE
2026-07-28 10:07:57.669,-0.12,-0.19,0.99,0.79,-7.2,-0.67,FALL,13,AUTO_FALL_LIKE
2026-07-28 10:07:57.669,-0.11,-0.2,1.0,2.87,-8.54,1.28,FALL,13,AUTO_FALL_LIKE
2026-07-28 10:07:57.669,-0.11,-0.2,1.0,2.87,-8.54,1.28,FALL,13,AUTO_FALL_LIKE
2026-07-28 10:07:57.670,-0.1,-0.2,1.04,13.98,-8.67,7.2,FALL,13,AUTO_FALL_LIKE
2026-07-28 10:07:57.671,-0.1,-0.2,1.04,13.98,-8.67,7.2,FALL,13,AUTO_FALL_LIKE
2026-07-28 10:07:57.672,-0.1,-0.2,1.04,13.98,-8.67,7.2,FALL,13,AUTO_FALL_LIKE
2026-07-28 10:07:57.672,-0.1,-0.2,1.04,13.98,-8.67,7.2,FALL,13,AUTO_FALL_LIKE
2026-07-28 10:07:57.673,-0.21,-0.35,1.45,16.97,-13.98,28.63,FALL,13,AUTO_FALL_LIKE
2026-07-28 10:07:57.674,-0.21,-0.35,1.45,16.97,-13.98,28.63,FALL,13,AUTO_FALL_LIKE
2026-07-28 10:07:57.909,-0.19,-0.38,1.55,29.11,-52.31,16.78,FALL,13,AUTO_FALL_LIKE
2026-07-28 10:07:57.909,-0.09,-0.29,1.53,40.04,-95.03,-4.52,FALL,13,AUTO_FALL_LIKE
2026-07-28 10:07:57.909,-0.09,-0.29,1.53,40.04,-95.03,-4.52,FALL,13,AUTO_FALL_LIKE
2026-07-28 10:07:57.910,0.03,-0.15,1.38,38.7,-128.6,-22.58,FALL,13,AUTO_FALL_LIKE
2026-07-28 10:07:57.911,0.03,-0.15,1.38,38.7,-128.6,-22.58,FALL,13,AUTO_FALL_LIKE
2026-07-28 10:07:57.912,0.13,0.02,1.1,23.56,-159.36,-29.3,FALL,13,AUTO_FALL_LIKE
2026-07-28 10:07:57.913,0.13,0.02,1.1,23.56,-159.36,-29.3,FALL,13,AUTO_FALL_LIKE
2026-07-28 10:07:57.914,0.26,0.12,0.84,-7.2,-177.49,-21.24,FALL,13,AUTO_FALL_LIKE
2026-07-28 10:07:57.915,0.36,0.13,0.61,-25.02,-177.73,-9.95,FALL,13,AUTO_FALL_LIKE
2026-07-28 10:07:57.916,0.36,0.13,0.61,-25.02,-177.73,-9.95,FALL,13,AUTO_FALL_LIKE
2026-07-28 10:07:58.089,0.37,0.1,0.38,-27.83,-167.6,-10.99,FALL,13,AUTO_FALL_LIKE
2026-07-28 10:07:58.089,0.37,0.1,0.38,-27.83,-167.6,-10.99,FALL,13,AUTO_FALL_LIKE
2026-07-28 10:07:58.090,0.41,0.08,0.26,-31.37,-142.46,-18.25,FALL,13,AUTO_FALL_LIKE
2026-07-28 10:07:58.090,0.41,0.08,0.26,-31.37,-142.46,-18.25,FALL,13,AUTO_FALL_LIKE
2026-07-28 10:07:58.092,0.48,0.04,0.27,-19.59,-100.1,-8.73,FALL,13,AUTO_FALL_LIKE
2026-07-28 10:07:58.092,0.48,0.04,0.27,7.26,-55.6,18.07,FALL,13,AUTO_FALL_LIKE
2026-07-28 10:07:58.093,0.55,-0.05,0.38,7.26,-55.6,18.07,FALL,13,AUTO_FALL_LIKE
2026-07-28 10:07:58.094,0.62,-0.14,0.52,26.79,-25.39,35.95,FALL,13,AUTO_FALL_LIKE
2026-07-28 10:07:58.208,0.62,-0.14,0.52,26.79,-25.39,35.95,FALL,13,AUTO_FALL_LIKE
2026-07-28 10:07:58.209,0.67,-0.17,0.6,33.81,-15.38,31.19,FALL,13,AUTO_FALL_LIKE
2026-07-28 10:07:58.209,0.67,-0.17,0.6,33.81,-15.38,31.19,FALL,13,AUTO_FALL_LIKE
2026-07-28 10:07:58.210,0.69,-0.15,0.62,28.93,-11.6,14.4,FALL,13,AUTO_FALL_LIKE
2026-07-28 10:07:58.211,0.69,-0.15,0.62,28.93,-11.6,14.4,FALL,13,AUTO_FALL_LIKE
2026-07-28 10:07:58.269,0.7,-0.12,0.64,14.59,-1.71,-3.91,FALL,13,AUTO_FALL_LIKE
2026-07-28 10:07:58.269,0.71,-0.08,0.67,2.93,7.57,-18.74,FALL,13,AUTO_FALL_LIKE
2026-07-28 10:07:58.270,0.71,-0.08,0.67,2.93,7.57,-18.74,FALL,13,AUTO_FALL_LIKE
2026-07-28 10:07:58.329,0.72,-0.05,0.69,1.04,10.68,-23.62,FALL,13,AUTO_FALL_LIKE
2026-07-28 10:07:58.330,0.72,-0.05,0.69,1.04,10.68,-23.62,FALL,13,AUTO_FALL_LIKE
2026-07-28 10:07:58.389,0.71,-0.01,0.66,4.46,12.21,-26.98,FALL,13,AUTO_FALL_LIKE
2026-07-28 10:07:58.389,0.71,-0.01,0.66,4.46,12.21,-26.98,FALL,13,AUTO_FALL_LIKE
2026-07-28 10:07:58.389,0.7,0.05,0.58,6.35,16.48,-21.0,FALL,13,AUTO_FALL_LIKE
2026-07-28 10:07:58.509,0.7,0.05,0.58,32.23,17.46,14.83,FALL,13,AUTO_FALL_LIKE
2026-07-28 10:07:58.510,0.62,0.11,0.44,32.23,17.46,14.83,FALL,13,AUTO_FALL_LIKE
2026-07-28 10:07:58.510,0.34,0.11,0.21,88.5,11.11,66.89,FALL,13,AUTO_FALL_LIKE
2026-07-28 10:07:58.511,0.34,0.11,0.21,88.5,11.11,66.89,FALL,13,AUTO_FALL_LIKE
2026-07-28 10:07:58.512,0.03,0.04,-0.01,90.82,17.58,105.16,FALL,13,AUTO_FALL_LIKE
2026-07-28 10:07:58.513,0.03,0.04,-0.01,90.82,17.58,105.16,FALL,13,AUTO_FALL_LIKE
2026-07-28 10:07:58.569,-0.07,-0.01,-0.06,30.64,55.24,97.96,FALL,13,AUTO_FALL_LIKE
2026-07-28 10:07:58.570,-0.07,-0.01,-0.06,-10.01,109.8,49.8,FALL,13,AUTO_FALL_LIKE
2026-07-28 10:07:58.750,-0.02,-0.0,-0.0,-10.01,109.8,49.8,FALL,13,AUTO_FALL_LIKE
2026-07-28 10:07:58.750,-0.07,-0.22,0.45,-39.37,182.31,-23.07,FALL,13,AUTO_FALL_LIKE
2026-07-28 10:07:58.750,-0.07,-0.22,0.45,-39.37,182.31,-23.07,FALL,13,AUTO_FALL_LIKE
2026-07-28 10:07:58.751,-0.3,-0.74,1.04,-277.77,372.74,-68.85,FALL,13,AUTO_FALL_LIKE
2026-07-28 10:07:58.752,-0.3,-0.74,1.04,-277.77,372.74,-68.85,FALL,13,AUTO_FALL_LIKE
2026-07-28 10:07:58.752,-0.42,-1.21,0.8,-643.86,427.43,-63.35,FALL,13,AUTO_FALL_LIKE
2026-07-28 10:07:58.753,-0.39,-1.29,0.18,-611.69,183.17,-14.04,FALL,13,AUTO_FALL_LIKE
2026-07-28 10:07:58.754,-0.39,-1.29,0.18,-611.69,183.17,-14.04,FALL,13,AUTO_FALL_LIKE
2026-07-28 10:07:58.809,-0.31,-1.03,0.15,-120.85,-32.78,26.98,FALL,13,AUTO_FALL_LIKE
2026-07-28 10:07:58.809,-0.31,-1.03,0.15,-120.85,-32.78,26.98,FALL,13,AUTO_FALL_LIKE
2026-07-28 10:07:58.869,-0.2,-0.73,0.51,286.07,-82.09,-3.11,FALL,13,AUTO_FALL_LIKE
2026-07-28 10:07:58.869,-0.2,-0.73,0.51,286.07,-82.09,-3.11,FALL,13,AUTO_FALL_LIKE
2026-07-28 10:07:58.869,-0.15,-0.59,0.76,302.61,-26.86,-29.05,FALL,13,AUTO_FALL_LIKE
2026-07-28 10:07:58.989,-0.17,-0.63,0.8,118.96,25.33,-5.92,FALL,13,AUTO_FALL_LIKE
2026-07-28 10:07:58.990,-0.17,-0.63,0.8,118.96,25.33,-5.92,FALL,13,AUTO_FALL_LIKE
2026-07-28 10:07:58.990,-0.18,-0.71,0.72,-29.11,26.31,12.94,FALL,13,AUTO_FALL_LIKE
2026-07-28 10:07:58.990,-0.18,-0.71,0.72,-29.11,26.31,12.94,FALL,13,AUTO_FALL_LIKE
2026-07-28 10:07:58.992,-0.16,-0.75,0.66,-61.89,5.31,3.23,FALL,13,AUTO_FALL_LIKE
2026-07-28 10:07:58.992,-0.16,-0.75,0.66,-61.89,5.31,3.23,FALL,13,AUTO_FALL_LIKE
2026-07-28 10:07:59.236,-0.15,-0.73,0.65,-23.44,-8.85,-5.13,FALL,13,AUTO_FALL_LIKE
2026-07-28 10:07:59.237,-0.15,-0.73,0.65,-23.44,-8.85,-5.13,FALL,13,AUTO_FALL_LIKE
2026-07-28 10:07:59.238,-0.17,-0.69,0.67,16.11,-7.75,0.18,FALL,13,AUTO_FALL_LIKE
2026-07-28 10:07:59.238,-0.18,-0.67,0.68,23.25,-2.75,4.09,FALL,13,AUTO_FALL_LIKE
2026-07-28 10:07:59.239,-0.18,-0.67,0.68,23.25,-2.75,4.09,FALL,13,AUTO_FALL_LIKE
2026-07-28 10:07:59.239,-0.17,-0.69,0.69,6.04,-1.28,-0.06,FALL,13,AUTO_FALL_LIKE
2026-07-28 10:07:59.239,-0.17,-0.69,0.69,6.04,-1.28,-0.06,FALL,13,AUTO_FALL_LIKE
2026-07-28 10:07:59.239,-0.16,-0.72,0.68,-10.86,-0.37,-3.11,FALL,13,AUTO_FALL_LIKE
2026-07-28 10:07:59.239,-0.16,-0.72,0.68,-10.86,-0.37,-3.11,FALL,13,AUTO_FALL_LIKE
2026-07-28 10:07:59.239,-0.16,-0.72,0.67,-14.77,0.0,-3.23,FALL,13,AUTO_FALL_LIKE
2026-07-28 10:07:59.289,-0.16,-0.72,0.66,-10.93,-0.79,-3.48,FALL,13,AUTO_FALL_LIKE
2026-07-28 10:07:59.290,-0.16,-0.72,0.66,-10.93,-0.79,-3.48,FALL,13,AUTO_FALL_LIKE
2026-07-28 10:07:59.349,-0.16,-0.72,0.66,-8.73,-1.04,-4.27,FALL,13,AUTO_FALL_LIKE
2026-07-28 10:07:59.349,-0.16,-0.72,0.66,-8.73,-1.04,-4.27,FALL,13,AUTO_FALL_LIKE
2026-07-28 10:07:59.350,-0.16,-0.73,0.66,-8.06,-0.31,-3.97,FALL,13,AUTO_FALL_LIKE
2026-07-28 10:07:59.414,-0.16,-0.73,0.66,-8.06,-0.31,-3.97,NO_FALL,,
2026-07-28 10:07:59.414,-0.17,-0.74,0.67,-3.72,1.83,-0.61,NO_FALL,,
2026-07-28 10:07:59.415,-0.17,-0.74,0.67,-3.72,1.83,-0.61,NO_FALL,,
2026-07-28 10:07:59.469,-0.16,-0.74,0.69,1.22,1.71,0.73,NO_FALL,,
2026-07-28 10:07:59.469,-0.16,-0.74,0.69,1.28,-1.4,-1.59,NO_FALL,,
2026-07-28 10:07:59.469,-0.15,-0.74,0.68,1.28,-1.4,-1.59,NO_FALL,,
2026-07-28 10:07:59.529,-0.13,-0.74,0.66,-2.38,-3.66,-2.93,NO_FALL,,
2026-07-28 10:07:59.529,-0.13,-0.74,0.66,-2.38,-3.66,-2.93,NO_FALL,,
2026-07-28 10:07:59.589,-0.12,-0.73,0.65,-5.0,-4.39,-3.11,NO_FALL,,
2026-07-28 10:07:59.590,-0.12,-0.73,0.65,-5.0,-4.39,-3.11,NO_FALL,,
2026-07-28 10:07:59.590,-0.13,-0.73,0.64,-5.49,-3.05,-1.16,NO_FALL,,
2026-07-28 10:07:59.649,-0.13,-0.73,0.64,-5.49,-3.05,-1.16,NO_FALL,,
2026-07-28 10:07:59.649,-0.15,-0.74,0.64,-4.88,0.43,3.6,NO_FALL,,
2026-07-28 10:07:59.650,-0.15,-0.74,0.64,-4.88,0.43,3.6,NO_FALL,,
2026-07-28 10:07:59.771,-0.17,-0.74,0.64,-0.67,3.54,6.53,NO_FALL,,
2026-07-28 10:07:59.772,-0.17,-0.74,0.64,3.78,2.75,3.48,NO_FALL,,
2026-07-28 10:07:59.773,-0.17,-0.74,0.66,3.78,2.75,3.48,NO_FALL,,
2026-07-28 10:07:59.773,-0.16,-0.74,0.67,4.33,-0.06,-1.34,NO_FALL,,
2026-07-28 10:07:59.773,-0.16,-0.74,0.67,4.33,-0.06,-1.34,NO_FALL,,
2026-07-28 10:07:59.893,-0.15,-0.75,0.68,2.75,-2.14,-3.54,NO_FALL,,
2026-07-28 10:07:59.893,-0.15,-0.75,0.68,2.75,-2.14,-3.54,NO_FALL,,
2026-07-28 10:07:59.893,-0.14,-0.75,0.67,1.65,-4.09,-4.27,NO_FALL,,
2026-07-28 10:07:59.894,-0.14,-0.75,0.67,1.65,-4.09,-4.27,NO_FALL,,
2026-07-28 10:07:59.894,-0.13,-0.73,0.66,1.1,-4.88,-4.15,NO_FALL,,
2026-07-28 10:07:59.894,-0.13,-0.73,0.66,1.1,-4.88,-4.15,NO_FALL,,
2026-07-28 10:07:59.950,-0.13,-0.72,0.64,0.12,-4.33,-3.23,NO_FALL,,
2026-07-28 10:07:59.951,-0.13,-0.72,0.64,0.12,-4.33,-3.23,NO_FALL,,
2026-07-28 10:07:59.951,-0.14,-0.71,0.63,-2.26,-3.72,-1.95,NO_FALL,,
2026-07-28 10:08:00.189,-0.16,-0.73,0.64,-5.62,-4.39,-1.65,NO_FALL,,
2026-07-28 10:08:00.189,-0.16,-0.73,0.64,-5.62,-4.39,-1.65,NO_FALL,,
2026-07-28 10:08:00.190,-0.16,-0.76,0.66,-5.19,-3.48,-0.61,NO_FALL,,
2026-07-28 10:08:00.190,-0.16,-0.76,0.66,-5.19,-3.48,-0.61,NO_FALL,,
2026-07-28 10:08:00.192,-0.15,-0.76,0.67,-2.44,-0.55,1.53,NO_FALL,,
2026-07-28 10:08:00.192,-0.15,-0.76,0.67,-2.44,-0.55,1.53,NO_FALL,,
2026-07-28 10:08:00.193,-0.13,-0.76,0.66,-1.34,0.06,0.98,NO_FALL,,
2026-07-28 10:08:00.194,-0.13,-0.76,0.66,-1.34,0.06,0.98,NO_FALL,,
2026-07-28 10:08:00.195,-0.12,-0.75,0.64,-0.79,-1.34,-1.28,NO_FALL,,
2026-07-28 10:08:00.196,-0.12,-0.75,0.64,-0.79,-1.34,-1.28,NO_FALL,,
2026-07-28 10:08:00.197,-0.12,-0.74,0.64,-0.92,-4.52,-4.52,NO_FALL,,
2026-07-28 10:08:00.249,-0.12,-0.75,0.64,-3.91,-11.9,-10.93,NO_FALL,,
2026-07-28 10:08:00.249,-0.12,-0.75,0.64,-3.91,-11.9,-10.93,NO_FALL,,
2026-07-28 10:08:00.379,-0.09,-0.77,0.64,-10.5,-25.27,-21.36,NO_FALL,,
2026-07-28 10:08:00.380,-0.09,-0.77,0.64,-10.5,-25.27,-21.36,NO_FALL,,
2026-07-28 10:08:00.380,-0.04,-0.78,0.64,-12.94,-34.85,-29.17,NO_FALL,,
2026-07-28 10:08:00.380,-0.04,-0.78,0.64,-12.94,-34.85,-29.17,NO_FALL,,
2026-07-28 10:08:00.380,-0.02,-0.75,0.62,-6.77,-24.66,-19.9,NO_FALL,,
2026-07-28 10:08:00.549,-0.04,-0.72,0.61,-0.85,-3.05,-0.37,NO_FALL,,
2026-07-28 10:08:00.549,-0.04,-0.72,0.61,-0.85,-3.05,-0.37,NO_FALL,,
2026-07-28 10:08:00.549,-0.06,-0.73,0.63,1.46,9.4,8.54,NO_FALL,,
2026-07-28 10:08:00.550,-0.06,-0.73,0.63,1.46,9.4,8.54,NO_FALL,,
2026-07-28 10:08:00.551,-0.07,-0.75,0.66,1.71,8.42,4.76,NO_FALL,,
2026-07-28 10:08:00.552,-0.07,-0.75,0.66,1.71,8.42,4.76,NO_FALL,,
2026-07-28 10:08:00.552,-0.06,-0.8,0.67,-5.98,0.79,-3.48,NO_FALL,,
2026-07-28 10:08:00.553,-0.06,-0.8,0.67,-5.98,0.79,-3.48,NO_FALL,,
2026-07-28 10:08:00.554,-0.05,-0.84,0.65,-15.99,-6.23,-10.38,NO_FALL,,
2026-07-28 10:08:00.669,-0.05,-0.84,0.65,-12.63,-9.58,-12.51,NO_FALL,,
2026-07-28 10:08:00.669,-0.03,-0.83,0.63,-12.63,-9.58,-12.51,NO_FALL,,
2026-07-28 10:08:00.670,-0.01,-0.75,0.6,-1.46,-10.07,-10.5,NO_FALL,,
2026-07-28 10:08:00.670,-0.01,-0.75,0.6,-1.46,-10.07,-10.5,NO_FALL,,
2026-07-28 10:08:00.671,-0.01,-0.71,0.56,-1.95,-6.84,-4.21,NO_FALL,,
2026-07-28 10:08:00.729,-0.01,-0.71,0.56,-1.95,-6.84,-4.21,NO_FALL,,
2026-07-28 10:08:00.730,-0.04,-0.77,0.58,-6.41,-0.85,0.98,NO_FALL,,
2026-07-28 10:08:00.730,-0.04,-0.77,0.58,-6.41,-0.85,0.98,NO_FALL,,
2026-07-28 10:08:00.909,-0.05,-0.79,0.65,4.46,2.62,-0.37,NO_FALL,,
2026-07-28 10:08:00.909,-0.05,-0.79,0.65,3.54,-0.85,-6.71,NO_FALL,,
2026-07-28 10:08:00.909,-0.02,-0.8,0.66,3.54,-0.85,-6.71,NO_FALL,,
2026-07-28 10:08:00.910,0.01,-0.83,0.6,-23.56,-8.67,-14.65,NO_FALL,,
2026-07-28 10:08:00.911,0.01,-0.83,0.6,-23.56,-8.67,-14.65,NO_FALL,,
2026-07-28 10:08:00.912,0.03,-0.84,0.56,-31.92,-11.72,-18.13,NO_FALL,,
2026-07-28 10:08:00.913,0.03,-0.84,0.56,-31.92,-11.72,-18.13,NO_FALL,,
2026-07-28 10:08:00.913,0.04,-0.83,0.58,-9.52,-9.28,-15.32,NO_FALL,,
2026-07-28 10:08:01.029,0.04,-0.83,0.58,-9.52,-9.28,-15.32,NO_FALL,,
2026-07-28 10:08:01.029,0.03,-0.82,0.63,10.74,-7.45,-10.99,NO_FALL,,
2026-07-28 10:08:01.029,0.03,-0.82,0.63,19.04,-7.57,-13.06,NO_FALL,,
2026-07-28 10:08:01.030,0.05,-0.85,0.62,19.04,-7.57,-13.06,NO_FALL,,
2026-07-28 10:08:01.031,0.06,-0.92,0.59,43.4,-2.32,-23.32,NO_FALL,,
2026-07-28 10:08:01.270,0.06,-0.92,0.59,43.4,-2.32,-23.32,NO_FALL,,
2026-07-28 10:08:01.270,0.06,-0.86,0.74,136.66,-5.74,-24.29,NO_FALL,,
2026-07-28 10:08:01.270,0.06,-0.86,0.74,136.66,-5.74,-24.29,NO_FALL,,
2026-07-28 10:08:01.270,0.09,-0.72,0.97,204.22,-41.63,-19.78,NO_FALL,,
2026-07-28 10:08:01.271,0.14,-0.67,1.05,156.49,-82.21,-32.1,NO_FALL,,
2026-07-28 10:08:01.272,0.14,-0.67,1.05,156.49,-82.21,-32.1,NO_FALL,,
2026-07-28 10:08:01.273,0.22,-0.62,1.06,86.18,-89.9,-54.14,NO_FALL,,
2026-07-28 10:08:01.274,0.22,-0.62,1.06,86.18,-89.9,-54.14,NO_FALL,,
2026-07-28 10:08:01.275,0.33,-0.56,1.03,59.69,-79.47,-61.22,NO_FALL,,
2026-07-28 10:08:01.275,0.33,-0.56,1.03,59.69,-79.47,-61.22,NO_FALL,,
2026-07-28 10:08:01.330,0.4,-0.46,0.99,65.43,-77.21,-49.44,NO_FALL,,
2026-07-28 10:08:01.330,0.47,-0.26,0.96,56.46,-85.69,-23.8,NO_FALL,,
2026-07-28 10:08:01.331,0.47,-0.26,0.96,56.46,-85.69,-23.8,NO_FALL,,
2026-07-28 10:08:01.509,0.52,-0.14,0.91,40.41,-101.14,-5.62,NO_FALL,,
2026-07-28 10:08:01.509,0.52,-0.14,0.91,40.41,-101.14,-5.62,NO_FALL,,
2026-07-28 10:08:01.509,0.51,-0.12,0.77,44.62,-117.19,-17.33,NO_FALL,,
2026-07-28 10:08:01.510,0.51,-0.12,0.77,44.62,-117.19,-17.33,NO_FALL,,
2026-07-28 10:08:01.511,0.5,-0.12,0.62,41.81,-119.26,-28.32,NO_FALL,,
2026-07-28 10:08:01.512,0.53,-0.15,0.55,23.68,-101.56,-20.51,NO_FALL,,
2026-07-28 10:08:01.512,0.53,-0.15,0.55,23.68,-101.56,-20.51,NO_FALL,,
2026-07-28 10:08:01.515,0.59,-0.17,0.53,10.68,-77.82,-6.35,NO_FALL,,
2026-07-28 10:08:01.628,0.59,-0.17,0.53,10.68,-77.82,-6.35,NO_FALL,,
2026-07-28 10:08:01.629,0.65,-0.17,0.53,7.69,-60.24,8.3,NO_FALL,,
2026-07-28 10:08:01.629,0.65,-0.17,0.53,7.69,-60.24,8.3,NO_FALL,,
2026-07-28 10:08:01.630,0.7,-0.15,0.52,5.13,-49.32,12.88,NO_FALL,,
2026-07-28 10:08:01.631,0.7,-0.15,0.52,5.13,-49.32,12.88,NO_FALL,,
2026-07-28 10:08:01.689,0.72,-0.12,0.47,5.49,-44.43,9.28,NO_FALL,,
2026-07-28 10:08:01.690,0.72,-0.12,0.42,20.02,-42.85,5.31,NO_FALL,,
2026-07-28 10:08:01.692,0.72,-0.12,0.42,20.02,-42.85,5.31,NO_FALL,,
2026-07-28 10:08:02.112,0.74,-0.12,0.39,41.02,-39.98,-8.48,FALL,14,AUTO_FALL_LIKE
2026-07-28 10:08:02.112,0.74,-0.12,0.39,41.02,-39.98,-8.48,FALL,14,AUTO_FALL_LIKE
2026-07-28 10:08:02.112,0.77,-0.09,0.38,46.14,-31.01,-23.62,FALL,14,AUTO_FALL_LIKE
2026-07-28 10:08:02.112,0.77,-0.09,0.38,46.14,-31.01,-23.62,FALL,14,AUTO_FALL_LIKE
2026-07-28 10:08:02.112,0.77,-0.08,0.44,34.48,-17.15,-21.48,FALL,14,AUTO_FALL_LIKE
2026-07-28 10:08:02.113,0.77,-0.08,0.44,34.48,-17.15,-21.48,FALL,14,AUTO_FALL_LIKE
2026-07-28 10:08:02.114,0.77,-0.08,0.44,34.48,-17.15,-21.48,FALL,14,AUTO_FALL_LIKE
2026-07-28 10:08:02.114,0.77,-0.08,0.44,34.48,-17.15,-21.48,FALL,14,AUTO_FALL_LIKE
2026-07-28 10:08:02.115,0.75,-0.15,0.57,9.4,8.24,-0.73,FALL,14,AUTO_FALL_LIKE
2026-07-28 10:08:02.116,0.75,-0.15,0.57,9.4,8.24,-0.73,FALL,14,AUTO_FALL_LIKE
2026-07-28 10:08:02.117,0.75,-0.15,0.62,-11.9,22.83,8.18,FALL,14,AUTO_FALL_LIKE
2026-07-28 10:08:02.118,0.77,-0.15,0.65,-18.98,28.32,3.72,FALL,14,AUTO_FALL_LIKE
2026-07-28 10:08:02.118,0.77,-0.15,0.65,-18.98,28.32,3.72,FALL,14,AUTO_FALL_LIKE
2026-07-28 10:08:02.120,0.77,-0.14,0.63,-5.62,17.4,-4.64,FALL,14,AUTO_FALL_LIKE
2026-07-28 10:08:02.120,0.77,-0.14,0.63,-5.62,17.4,-4.64,FALL,14,AUTO_FALL_LIKE
2026-07-28 10:08:02.121,0.78,-0.13,0.6,6.84,4.15,-4.33,FALL,14,AUTO_FALL_LIKE
2026-07-28 10:08:02.122,0.78,-0.13,0.6,6.84,4.15,-4.33,FALL,14,AUTO_FALL_LIKE
2026-07-28 10:08:02.125,0.8,-0.11,0.59,7.87,-1.71,-5.49,FALL,14,AUTO_FALL_LIKE
2026-07-28 10:08:02.125,0.8,-0.11,0.59,7.87,-1.71,-5.49,FALL,14,AUTO_FALL_LIKE
2026-07-28 10:08:02.129,0.8,-0.1,0.6,0.55,-3.48,-9.52,FALL,14,AUTO_FALL_LIKE
2026-07-28 10:08:02.229,0.8,-0.1,0.6,-5.49,-1.46,-7.26,FALL,14,AUTO_FALL_LIKE
2026-07-28 10:08:02.229,0.8,-0.08,0.6,-5.49,-1.46,-7.26,FALL,14,AUTO_FALL_LIKE
2026-07-28 10:08:02.230,0.81,-0.08,0.62,-3.11,1.65,-5.92,FALL,14,AUTO_FALL_LIKE
2026-07-28 10:08:02.231,0.81,-0.08,0.62,-3.11,1.65,-5.92,FALL,14,AUTO_FALL_LIKE
2026-07-28 10:08:02.408,0.81,-0.1,0.63,0.79,-1.95,-9.03,FALL,14,AUTO_FALL_LIKE
2026-07-28 10:08:02.409,0.81,-0.1,0.63,0.79,-1.95,-9.03,FALL,14,AUTO_FALL_LIKE
2026-07-28 10:08:02.410,0.81,-0.09,0.6,2.81,-8.54,-4.7,FALL,14,AUTO_FALL_LIKE
2026-07-28 10:08:02.410,0.81,-0.09,0.6,2.81,-8.54,-4.7,FALL,14,AUTO_FALL_LIKE
2026-07-28 10:08:02.411,0.81,-0.07,0.55,5.62,-10.01,5.8,FALL,14,AUTO_FALL_LIKE
2026-07-28 10:08:02.412,0.81,-0.07,0.55,5.62,-10.01,5.8,FALL,14,AUTO_FALL_LIKE
2026-07-28 10:08:02.412,0.8,-0.06,0.49,6.41,-10.01,8.85,FALL,14,AUTO_FALL_LIKE
2026-07-28 10:08:02.415,0.77,-0.05,0.39,2.5,-5.98,5.68,FALL,14,AUTO_FALL_LIKE
2026-07-28 10:08:02.415,0.77,-0.05,0.39,2.5,-5.98,5.68,FALL,14,AUTO_FALL_LIKE
2026-07-28 10:08:02.589,0.55,-0.02,0.19,1.34,13.49,26.49,FALL,14,AUTO_FALL_LIKE
2026-07-28 10:08:02.590,0.55,-0.02,0.19,1.34,13.49,26.49,FALL,14,AUTO_FALL_LIKE
2026-07-28 10:08:02.590,0.15,0.0,-0.01,41.14,49.13,90.33,FALL,14,AUTO_FALL_LIKE
2026-07-28 10:08:02.590,0.15,0.0,-0.01,41.14,49.13,90.33,FALL,14,AUTO_FALL_LIKE
2026-07-28 10:08:02.591,-0.08,0.01,-0.07,147.58,96.74,143.37,FALL,14,AUTO_FALL_LIKE
2026-07-28 10:08:02.592,-0.08,0.01,-0.07,147.58,96.74,143.37,FALL,14,AUTO_FALL_LIKE
2026-07-28 10:08:02.592,-0.08,0.01,-0.03,174.44,150.02,124.15,FALL,14,AUTO_FALL_LIKE
2026-07-28 10:08:02.593,-0.0,0.02,0.04,80.99,198.18,41.75,FALL,14,AUTO_FALL_LIKE
2026-07-28 10:08:02.650,-0.0,0.02,0.04,80.99,198.18,41.75,FALL,14,AUTO_FALL_LIKE
2026-07-28 10:08:02.650,0.06,-0.14,0.99,-27.34,276.61,-67.99,FALL,14,AUTO_FALL_LIKE
2026-07-28 10:08:02.770,0.06,-0.14,0.99,-27.34,276.61,-67.99,FALL,14,AUTO_FALL_LIKE
2026-07-28 10:08:02.770,-0.13,-0.82,1.9,-326.17,410.71,-69.03,FALL,14,AUTO_FALL_LIKE
2026-07-28 10:08:02.771,-0.13,-0.82,1.9,-326.17,410.71,-69.03,FALL,14,AUTO_FALL_LIKE
2026-07-28 10:08:02.771,-0.32,-1.24,1.34,-541.81,391.24,93.81,FALL,14,AUTO_FALL_LIKE
2026-07-28 10:08:02.771,-0.59,-0.88,0.45,-284.24,257.45,219.18,FALL,14,AUTO_FALL_LIKE
2026-07-28 10:08:02.829,-0.59,-0.88,0.45,-284.24,257.45,219.18,FALL,14,AUTO_FALL_LIKE
2026-07-28 10:08:02.830,-0.96,-0.49,0.05,38.02,200.93,166.81,FALL,14,AUTO_FALL_LIKE
2026-07-28 10:08:02.831,-0.96,-0.49,0.05,38.02,200.93,166.81,FALL,14,AUTO_FALL_LIKE
2026-07-28 10:08:02.888,-0.89,-0.42,0.09,100.71,98.57,-2.75,FALL,14,AUTO_FALL_LIKE
2026-07-28 10:08:02.889,-0.46,-0.6,0.35,38.64,-73.24,-171.81,FALL,14,AUTO_FALL_LIKE
2026-07-28 10:08:02.949,-0.46,-0.6,0.35,38.64,-73.24,-171.81,FALL,14,AUTO_FALL_LIKE
2026-07-28 10:08:02.949,-0.1,-0.84,0.56,-8.73,-179.87,-234.25,FALL,14,AUTO_FALL_LIKE
2026-07-28 10:08:02.950,-0.1,-0.84,0.56,-8.73,-179.87,-234.25,FALL,14,AUTO_FALL_LIKE
2026-07-28 10:08:03.009,-0.1,-0.93,0.64,12.08,-150.39,-161.62,FALL,14,AUTO_FALL_LIKE
2026-07-28 10:08:03.009,-0.1,-0.93,0.64,12.08,-150.39,-161.62,FALL,14,AUTO_FALL_LIKE
2026-07-28 10:08:03.010,-0.21,-0.78,0.72,104.43,-60.79,-48.95,FALL,14,AUTO_FALL_LIKE
2026-07-28 10:08:03.068,-0.26,-0.59,0.82,162.54,0.73,2.81,FALL,14,AUTO_FALL_LIKE
2026-07-28 10:08:03.069,-0.26,-0.59,0.82,162.54,0.73,2.81,FALL,14,AUTO_FALL_LIKE
2026-07-28 10:08:03.188,-0.25,-0.53,0.83,103.7,18.62,1.16,FALL,14,AUTO_FALL_LIKE
2026-07-28 10:08:03.189,-0.25,-0.53,0.83,103.7,18.62,1.16,FALL,14,AUTO_FALL_LIKE
2026-07-28 10:08:03.190,-0.2,-0.61,0.77,5.49,4.76,-6.1,FALL,14,AUTO_FALL_LIKE
2026-07-28 10:08:03.190,-0.16,-0.65,0.74,-29.6,-10.93,-9.58,FALL,14,AUTO_FALL_LIKE
2026-07-28 10:08:03.191,-0.16,-0.65,0.74,-29.6,-10.93,-9.58,FALL,14,AUTO_FALL_LIKE
2026-07-28 10:08:03.249,-0.16,-0.64,0.73,-17.03,-10.13,-5.62,FALL,14,AUTO_FALL_LIKE
2026-07-28 10:08:03.250,-0.16,-0.64,0.73,-17.03,-10.13,-5.62,FALL,14,AUTO_FALL_LIKE
2026-07-28 10:08:03.250,-0.18,-0.62,0.74,-1.46,-3.36,0.49,FALL,14,AUTO_FALL_LIKE
2026-07-28 10:08:03.309,-0.18,-0.62,0.74,-1.46,-3.36,0.49,FALL,14,AUTO_FALL_LIKE
2026-07-28 10:08:03.309,-0.18,-0.61,0.74,4.52,0.37,1.95,FALL,14,AUTO_FALL_LIKE
2026-07-28 10:08:03.309,-0.18,-0.61,0.74,4.52,0.37,1.95,FALL,14,AUTO_FALL_LIKE
2026-07-28 10:08:03.428,-0.18,-0.62,0.74,3.05,0.61,1.34,FALL,14,AUTO_FALL_LIKE
2026-07-28 10:08:03.429,-0.18,-0.62,0.74,3.05,0.61,1.34,FALL,14,AUTO_FALL_LIKE
2026-07-28 10:08:03.430,-0.18,-0.63,0.75,2.38,-2.69,-1.46,FALL,14,AUTO_FALL_LIKE
2026-07-28 10:08:03.434,-0.16,-0.64,0.76,3.6,-7.32,-4.88,FALL,14,AUTO_FALL_LIKE
2026-07-28 10:08:03.434,-0.16,-0.64,0.76,3.6,-7.32,-4.88,FALL,14,AUTO_FALL_LIKE
2026-07-28 10:08:03.488,-0.15,-0.64,0.77,5.31,-7.63,-3.78,FALL,14,AUTO_FALL_LIKE
2026-07-28 10:08:03.489,-0.15,-0.64,0.77,5.31,-7.63,-3.78,FALL,14,AUTO_FALL_LIKE
2026-07-28 10:08:03.490,-0.17,-0.64,0.77,5.37,-3.42,0.79,FALL,14,AUTO_FALL_LIKE
2026-07-28 10:08:03.549,-0.17,-0.64,0.77,5.37,-3.42,0.79,FALL,14,AUTO_FALL_LIKE
2026-07-28 10:08:03.549,-0.18,-0.62,0.77,5.86,0.0,3.91,FALL,14,AUTO_FALL_LIKE
2026-07-28 10:08:03.549,-0.18,-0.62,0.77,5.86,0.0,3.91,FALL,14,AUTO_FALL_LIKE
2026-07-28 10:08:03.609,-0.19,-0.61,0.78,5.0,2.56,4.88,FALL,14,AUTO_FALL_LIKE
2026-07-28 10:08:03.609,-0.19,-0.61,0.78,5.0,2.56,4.88,FALL,14,AUTO_FALL_LIKE
2026-07-28 10:08:03.669,-0.2,-0.6,0.77,0.31,3.6,4.52,FALL,14,AUTO_FALL_LIKE
2026-07-28 10:08:03.669,-0.18,-0.6,0.76,-3.78,0.43,1.34,FALL,14,AUTO_FALL_LIKE
2026-07-28 10:08:03.672,-0.18,-0.6,0.76,-3.78,0.43,1.34,FALL,14,AUTO_FALL_LIKE
2026-07-28 10:08:03.729,-0.16,-0.62,0.75,-6.59,-2.01,-1.1,FALL,14,AUTO_FALL_LIKE
2026-07-28 10:08:03.730,-0.16,-0.62,0.75,-6.59,-2.01,-1.1,FALL,14,AUTO_FALL_LIKE
2026-07-28 10:08:03.730,-0.17,-0.63,0.75,-7.75,0.55,1.28,FALL,14,AUTO_FALL_LIKE
2026-07-28 10:08:03.789,-0.17,-0.63,0.75,-7.75,0.55,1.28,FALL,14,AUTO_FALL_LIKE
2026-07-28 10:08:03.789,-0.19,-0.64,0.76,-4.52,2.69,3.6,FALL,14,AUTO_FALL_LIKE
2026-07-28 10:08:03.789,-0.19,-0.64,0.76,-4.52,2.69,3.6,FALL,14,AUTO_FALL_LIKE
2026-07-28 10:08:03.909,-0.19,-0.63,0.76,-0.06,0.73,1.95,FALL,14,AUTO_FALL_LIKE
2026-07-28 10:08:03.910,-0.19,-0.63,0.76,0.98,-1.53,-0.61,FALL,14,AUTO_FALL_LIKE
2026-07-28 10:08:03.910,-0.18,-0.63,0.76,0.98,-1.53,-0.61,FALL,14,AUTO_FALL_LIKE
2026-07-28 10:08:03.910,-0.18,-0.63,0.75,-0.18,-1.46,-0.92,FALL,14,AUTO_FALL_LIKE
2026-07-28 10:08:03.911,-0.18,-0.63,0.75,-0.18,-1.46,-0.92,FALL,14,AUTO_FALL_LIKE
2026-07-28 10:08:03.969,-0.17,-0.63,0.75,-0.12,-2.2,-0.92,FALL,14,AUTO_FALL_LIKE
2026-07-28 10:08:03.969,-0.17,-0.63,0.75,-0.12,-2.2,-0.92,FALL,14,AUTO_FALL_LIKE
2026-07-28 10:08:03.970,-0.17,-0.62,0.74,0.24,-2.99,-1.04,FALL,14,AUTO_FALL_LIKE
2026-07-28 10:08:04.029,-0.17,-0.62,0.74,0.24,-2.99,-1.04,FALL,14,AUTO_FALL_LIKE
2026-07-28 10:08:04.029,-0.17,-0.63,0.74,-0.61,-1.16,0.37,FALL,14,AUTO_FALL_LIKE
2026-07-28 10:08:04.029,-0.17,-0.63,0.74,-0.61,-1.16,0.37,FALL,14,AUTO_FALL_LIKE
2026-07-28 10:08:04.089,-0.17,-0.63,0.74,0.24,0.92,0.98,FALL,14,AUTO_FALL_LIKE
2026-07-28 10:08:04.089,-0.17,-0.63,0.76,1.95,1.83,0.79,FALL,14,AUTO_FALL_LIKE
2026-07-28 10:08:04.153,-0.17,-0.63,0.76,1.95,1.83,0.79,FALL,14,AUTO_FALL_LIKE
2026-07-28 10:08:04.154,-0.18,-0.63,0.77,1.95,2.2,1.22,FALL,14,AUTO_FALL_LIKE
2026-07-28 10:08:04.154,-0.18,-0.63,0.77,1.95,2.2,1.22,FALL,14,AUTO_FALL_LIKE
2026-07-28 10:08:04.209,-0.18,-0.63,0.77,1.34,1.46,0.98,FALL,14,AUTO_FALL_LIKE
2026-07-28 10:08:04.209,-0.18,-0.63,0.77,1.34,1.46,0.98,FALL,14,AUTO_FALL_LIKE
2026-07-28 10:08:04.269,-0.18,-0.63,0.76,0.73,0.24,0.18,FALL,14,AUTO_FALL_LIKE
2026-07-28 10:08:04.270,-0.18,-0.63,0.76,0.73,0.24,0.18,FALL,14,AUTO_FALL_LIKE
2026-07-28 10:08:04.270,-0.19,-0.62,0.76,0.24,-0.06,0.55,FALL,14,AUTO_FALL_LIKE
2026-07-28 10:08:04.329,-0.19,-0.62,0.76,0.24,-0.06,0.55,NO_FALL,,
2026-07-28 10:08:04.330,-0.19,-0.62,0.76,-0.18,-0.24,0.98,NO_FALL,,
2026-07-28 10:08:04.330,-0.18,-0.62,0.76,-0.24,-1.34,-0.06,NO_FALL,,
2026-07-28 10:08:04.509,-0.18,-0.62,0.76,-0.24,-1.34,-0.06,NO_FALL,,
2026-07-28 10:08:04.510,-0.17,-0.63,0.75,-0.49,-1.95,-0.98,NO_FALL,,
2026-07-28 10:08:04.510,-0.17,-0.63,0.75,-0.49,-1.95,-0.98,NO_FALL,,
2026-07-28 10:08:04.511,-0.17,-0.63,0.75,-0.49,-1.65,-0.49,NO_FALL,,
2026-07-28 10:08:04.511,-0.17,-0.63,0.75,-0.49,-1.65,-0.49,NO_FALL,,
2026-07-28 10:08:04.512,-0.17,-0.63,0.76,1.16,-1.46,0.0,NO_FALL,,
2026-07-28 10:08:04.513,-0.17,-0.63,0.76,1.16,-1.46,0.0,NO_FALL,,
2026-07-28 10:08:04.515,-0.18,-0.63,0.77,1.4,-1.22,0.49,NO_FALL,,
2026-07-28 10:08:04.515,-0.18,-0.63,0.77,1.4,-1.22,0.49,NO_FALL,,
2026-07-28 10:08:04.570,-0.18,-0.63,0.76,0.24,-1.34,0.73,NO_FALL,,
2026-07-28 10:08:04.570,-0.18,-0.63,0.75,0.92,-2.38,0.06,NO_FALL,,
2026-07-28 10:08:04.629,-0.18,-0.63,0.75,0.92,-2.38,0.06,NO_FALL,,
2026-07-28 10:08:04.630,-0.18,-0.63,0.75,1.89,-2.56,0.06,NO_FALL,,
2026-07-28 10:08:04.631,-0.18,-0.63,0.75,1.89,-2.56,0.06,NO_FALL,,
2026-07-28 10:08:04.749,-0.17,-0.63,0.76,3.05,-2.01,0.37,NO_FALL,,
2026-07-28 10:08:04.750,-0.17,-0.63,0.76,3.05,-2.01,0.37,NO_FALL,,
2026-07-28 10:08:04.752,-0.16,-0.62,0.77,4.88,-2.81,-0.06,NO_FALL,,
2026-07-28 10:08:04.752,-0.16,-0.62,0.77,4.88,-2.81,-0.06,NO_FALL,,
2026-07-28 10:08:04.753,-0.15,-0.61,0.76,9.95,-6.47,-1.46,NO_FALL,,
2026-07-28 10:08:04.809,-0.15,-0.61,0.76,19.47,-13.12,-5.0,NO_FALL,,
2026-07-28 10:08:04.810,-0.15,-0.59,0.75,19.47,-13.12,-5.0,NO_FALL,,
2026-07-28 10:08:04.814,-0.13,-0.58,0.75,26.79,-20.63,-10.38,NO_FALL,,
2026-07-28 10:08:04.992,-0.13,-0.58,0.75,26.79,-20.63,-10.38,NO_FALL,,
2026-07-28 10:08:04.995,-0.11,-0.57,0.8,33.45,-23.44,-14.47,NO_FALL,,
2026-07-28 10:08:04.995,-0.11,-0.57,0.8,33.45,-23.44,-14.47,NO_FALL,,
2026-07-28 10:08:04.996,-0.1,-0.54,0.86,37.23,-14.77,-11.78,NO_FALL,,
2026-07-28 10:08:04.996,-0.1,-0.54,0.86,37.23,-14.77,-11.78,NO_FALL,,
2026-07-28 10:08:04.997,-0.13,-0.53,0.87,21.73,-0.61,-2.93,NO_FALL,,
2026-07-28 10:08:04.998,-0.15,-0.55,0.82,-6.29,2.5,1.46,NO_FALL,,
2026-07-28 10:08:04.999,-0.15,-0.55,0.82,-6.29,2.5,1.46,NO_FALL,,
2026-07-28 10:08:05.109,-0.13,-0.57,0.79,-18.13,-9.03,-5.49,NO_FALL,,
2026-07-28 10:08:05.110,-0.13,-0.57,0.79,-18.13,-9.03,-5.49,NO_FALL,,
2026-07-28 10:08:05.110,-0.1,-0.57,0.82,-6.65,-17.46,-13.06,NO_FALL,,
2026-07-28 10:08:05.111,-0.1,-0.57,0.82,-6.65,-17.46,-13.06,NO_FALL,,
2026-07-28 10:08:05.112,-0.06,-0.56,0.85,4.94,-19.71,-15.81,NO_FALL,,
2026-07-28 10:08:05.229,-0.06,-0.56,0.85,4.94,-19.71,-15.81,NO_FALL,,
2026-07-28 10:08:05.229,-0.02,-0.57,0.82,0.18,-21.42,-17.7,NO_FALL,,
2026-07-28 10:08:05.230,-0.01,-0.57,0.79,3.36,-12.51,-12.76,NO_FALL,,
2026-07-28 10:08:05.231,-0.01,-0.57,0.79,3.36,-12.51,-12.76,NO_FALL,,
2026-07-28 10:08:05.231,-0.04,-0.54,0.83,29.79,2.69,-5.86,NO_FALL,,
2026-07-28 10:08:05.349,-0.04,-0.54,0.83,29.79,2.69,-5.86,NO_FALL,,
2026-07-28 10:08:05.349,-0.08,-0.53,0.94,62.13,4.82,-7.02,NO_FALL,,
2026-07-28 10:08:05.349,-0.08,-0.53,0.94,62.13,4.82,-7.02,NO_FALL,,
2026-07-28 10:08:05.350,-0.08,-0.58,1.08,87.1,-13.31,-12.88,NO_FALL,,
2026-07-28 10:08:05.351,0.01,-0.54,1.28,100.65,-47.67,-8.3,NO_FALL,,
2026-07-28 10:08:05.352,0.01,-0.54,1.28,100.65,-47.67,-8.3,NO_FALL,,
2026-07-28 10:08:05.469,0.1,-0.47,1.43,117.31,-92.1,0.0,NO_FALL,,
2026-07-28 10:08:05.469,0.1,-0.47,1.43,117.31,-92.1,0.0,NO_FALL,,
2026-07-28 10:08:05.469,0.16,-0.34,1.4,137.39,-129.09,-11.96,NO_FALL,,
2026-07-28 10:08:05.471,0.16,-0.34,1.4,137.39,-129.09,-11.96,NO_FALL,,
2026-07-28 10:08:05.471,0.28,-0.09,1.29,130.92,-137.15,-27.53,NO_FALL,,
2026-07-28 10:08:05.589,0.4,0.04,1.21,97.66,-122.31,-20.14,NO_FALL,,
2026-07-28 10:08:05.589,0.4,0.04,1.21,97.66,-122.31,-20.14,NO_FALL,,
2026-07-28 10:08:05.589,0.38,-0.05,1.04,68.05,-119.2,2.01,NO_FALL,,
2026-07-28 10:08:05.590,0.38,-0.05,1.04,68.05,-119.2,2.01,NO_FALL,,
2026-07-28 10:08:05.591,0.33,-0.16,0.81,34.91,-139.59,19.65,NO_FALL,,
2026-07-28 10:08:05.708,0.33,-0.16,0.81,34.91,-139.59,19.65,FALL,15,AUTO_FALL_LIKE
2026-07-28 10:08:05.710,0.35,-0.16,0.63,-26.79,-154.66,25.45,FALL,15,AUTO_FALL_LIKE
2026-07-28 10:08:05.711,0.43,-0.06,0.48,-91.19,-140.01,26.12,FALL,15,AUTO_FALL_LIKE
2026-07-28 10:08:05.711,0.43,-0.06,0.48,-91.19,-140.01,26.12,FALL,15,AUTO_FALL_LIKE
2026-07-28 10:08:05.712,0.54,0.01,0.39,-116.15,-105.53,24.72,FALL,15,AUTO_FALL_LIKE
2026-07-28 10:08:05.889,0.54,0.01,0.39,-116.15,-105.53,24.72,FALL,15,AUTO_FALL_LIKE
2026-07-28 10:08:05.889,0.62,-0.0,0.38,-100.4,-76.72,10.62,FALL,15,AUTO_FALL_LIKE
2026-07-28 10:08:05.890,0.62,-0.0,0.38,-100.4,-76.72,10.62,FALL,15,AUTO_FALL_LIKE
2026-07-28 10:08:05.890,0.66,-0.07,0.4,-69.15,-59.75,-1.34,FALL,15,AUTO_FALL_LIKE
2026-07-28 10:08:05.892,0.66,-0.07,0.4,-42.66,-43.7,1.83,FALL,15,AUTO_FALL_LIKE
2026-07-28 10:08:05.892,0.69,-0.14,0.4,-42.66,-43.7,1.83,FALL,15,AUTO_FALL_LIKE
2026-07-28 10:08:05.893,0.69,-0.19,0.4,-25.7,-23.38,5.62,FALL,15,AUTO_FALL_LIKE
2026-07-28 10:08:05.894,0.69,-0.19,0.4,-25.7,-23.38,5.62,FALL,15,AUTO_FALL_LIKE
2026-07-28 10:08:05.949,0.71,-0.23,0.41,-15.01,-7.75,9.34,FALL,15,AUTO_FALL_LIKE
2026-07-28 10:08:05.949,0.71,-0.23,0.41,-15.01,-7.75,9.34,FALL,15,AUTO_FALL_LIKE
2026-07-28 10:08:05.950,0.73,-0.26,0.44,-8.18,-4.94,8.85,FALL,15,AUTO_FALL_LIKE
2026-07-28 10:08:06.009,0.73,-0.26,0.44,-8.18,-4.94,8.85,FALL,15,AUTO_FALL_LIKE
2026-07-28 10:08:06.009,0.74,-0.23,0.43,-6.53,-4.82,-1.59,FALL,15,AUTO_FALL_LIKE
2026-07-28 10:08:06.009,0.74,-0.23,0.43,-18.68,8.54,-18.98,FALL,15,AUTO_FALL_LIKE
2026-07-28 10:08:06.069,0.74,-0.2,0.42,-18.68,8.54,-18.98,FALL,15,AUTO_FALL_LIKE
2026-07-28 10:08:06.069,0.74,-0.2,0.4,-31.74,24.54,-33.08,FALL,15,AUTO_FALL_LIKE
2026-07-28 10:08:06.129,0.74,-0.2,0.4,-31.74,24.54,-33.08,FALL,15,AUTO_FALL_LIKE
2026-07-28 10:08:06.129,0.73,-0.12,0.38,-25.82,28.26,-21.79,FALL,15,AUTO_FALL_LIKE
2026-07-28 10:08:06.129,0.73,-0.12,0.38,-25.82,28.26,-21.79,FALL,15,AUTO_FALL_LIKE
2026-07-28 10:08:06.189,0.51,-0.02,0.26,6.35,25.88,15.69,FALL,15,AUTO_FALL_LIKE
2026-07-28 10:08:06.190,0.51,-0.02,0.26,6.35,25.88,15.69,FALL,15,AUTO_FALL_LIKE
2026-07-28 10:08:06.309,0.12,0.03,0.06,116.52,21.48,61.58,FALL,15,AUTO_FALL_LIKE
2026-07-28 10:08:06.309,-0.09,0.03,-0.06,221.31,33.33,95.46,FALL,15,AUTO_FALL_LIKE
2026-07-28 10:08:06.310,-0.09,0.03,-0.06,221.31,33.33,95.46,FALL,15,AUTO_FALL_LIKE
2026-07-28 10:08:06.310,-0.06,0.01,-0.04,160.16,78.12,86.12,FALL,15,AUTO_FALL_LIKE
2026-07-28 10:08:06.311,-0.06,0.01,-0.04,160.16,78.12,86.12,FALL,15,AUTO_FALL_LIKE
2026-07-28 10:08:06.312,0.11,0.01,0.15,37.66,141.48,32.41,FALL,15,AUTO_FALL_LIKE
2026-07-28 10:08:06.611,0.11,0.01,0.15,37.66,141.48,32.41,FALL,15,AUTO_FALL_LIKE
2026-07-28 10:08:06.611,0.08,-0.49,1.04,-44.86,328.06,-42.18,FALL,15,AUTO_FALL_LIKE
2026-07-28 10:08:06.611,-0.34,-0.78,1.62,-61.71,585.51,-55.48,FALL,15,AUTO_FALL_LIKE
2026-07-28 10:08:06.611,-0.34,-0.78,1.62,-61.71,585.51,-55.48,FALL,15,AUTO_FALL_LIKE
2026-07-28 10:08:06.611,-0.67,-0.29,1.25,-44.25,544.92,9.46,FALL,15,AUTO_FALL_LIKE
2026-07-28 10:08:06.612,-0.67,-0.29,1.25,-44.25,544.92,9.46,FALL,15,AUTO_FALL_LIKE
2026-07-28 10:08:06.613,-0.75,-0.12,0.81,-101.62,255.37,49.68,FALL,15,AUTO_FALL_LIKE
2026-07-28 10:08:06.614,-0.75,-0.12,0.81,-101.62,255.37,49.68,FALL,15,AUTO_FALL_LIKE
2026-07-28 10:08:06.615,-0.67,-0.36,0.57,-146.12,8.73,17.15,FALL,15,AUTO_FALL_LIKE
2026-07-28 10:08:06.616,-0.39,-0.48,0.67,-50.84,-144.1,-45.84,FALL,15,AUTO_FALL_LIKE
2026-07-28 10:08:06.616,-0.39,-0.48,0.67,-50.84,-144.1,-45.84,FALL,15,AUTO_FALL_LIKE
2026-07-28 10:08:06.618,-0.18,-0.33,0.89,99.55,-155.64,-63.35,FALL,15,AUTO_FALL_LIKE
2026-07-28 10:08:06.620,-0.18,-0.33,0.89,99.55,-155.64,-63.35,FALL,15,AUTO_FALL_LIKE
2026-07-28 10:08:06.669,-0.2,-0.21,0.98,119.45,-59.88,-29.05,FALL,15,AUTO_FALL_LIKE
2026-07-28 10:08:06.669,-0.2,-0.21,0.98,119.45,-59.88,-29.05,FALL,15,AUTO_FALL_LIKE
2026-07-28 10:08:06.732,-0.3,-0.22,0.95,37.96,19.47,6.59,FALL,15,AUTO_FALL_LIKE
2026-07-28 10:08:06.732,-0.36,-0.23,0.9,-7.57,31.56,17.27,FALL,15,AUTO_FALL_LIKE
2026-07-28 10:08:06.732,-0.36,-0.23,0.9,-7.57,31.56,17.27,FALL,15,AUTO_FALL_LIKE
2026-07-28 10:08:06.789,-0.36,-0.23,0.89,-8.85,5.43,11.41,FALL,15,AUTO_FALL_LIKE
2026-07-28 10:08:06.789,-0.36,-0.23,0.89,-8.85,5.43,11.41,FALL,15,AUTO_FALL_LIKE
2026-07-28 10:08:06.790,-0.32,-0.23,0.91,-0.49,-12.39,2.81,FALL,15,AUTO_FALL_LIKE
2026-07-28 10:08:06.850,-0.32,-0.23,0.91,-0.49,-12.39,2.81,FALL,15,AUTO_FALL_LIKE
2026-07-28 10:08:06.851,-0.29,-0.24,0.93,3.48,-11.29,-2.14,FALL,15,AUTO_FALL_LIKE
2026-07-28 10:08:06.909,-0.29,-0.24,0.93,2.08,-5.98,-3.3,FALL,15,AUTO_FALL_LIKE
2026-07-28 10:08:06.909,-0.28,-0.25,0.93,2.08,-5.98,-3.3,FALL,15,AUTO_FALL_LIKE
2026-07-28 10:08:06.910,-0.28,-0.26,0.92,-1.28,-4.03,-2.14,FALL,15,AUTO_FALL_LIKE
2026-07-28 10:08:06.969,-0.28,-0.26,0.92,-1.28,-4.03,-2.14,FALL,15,AUTO_FALL_LIKE
2026-07-28 10:08:06.969,-0.29,-0.25,0.91,-0.73,-7.75,-0.24,FALL,15,AUTO_FALL_LIKE
2026-07-28 10:08:06.970,-0.29,-0.25,0.91,-0.73,-7.75,-0.24,FALL,15,AUTO_FALL_LIKE
2026-07-28 10:08:07.029,-0.29,-0.25,0.92,1.28,-21.42,0.49,FALL,15,AUTO_FALL_LIKE
2026-07-28 10:08:07.029,-0.29,-0.25,0.92,1.28,-21.42,0.49,FALL,15,AUTO_FALL_LIKE
2026-07-28 10:08:07.089,-0.23,-0.24,0.95,4.64,-36.93,0.98,FALL,15,AUTO_FALL_LIKE
2026-07-28 10:08:07.089,-0.23,-0.24,0.95,4.64,-36.93,0.98,FALL,15,AUTO_FALL_LIKE
2026-07-28 10:08:07.090,-0.22,-0.22,0.96,6.59,-19.29,5.0,FALL,15,AUTO_FALL_LIKE
2026-07-28 10:08:07.153,-0.28,-0.22,0.92,1.16,22.89,11.6,FALL,15,AUTO_FALL_LIKE
2026-07-28 10:08:07.153,-0.28,-0.22,0.92,1.16,22.89,11.6,FALL,15,AUTO_FALL_LIKE
2026-07-28 10:08:07.154,-0.33,-0.24,0.91,-4.09,32.78,10.68,FALL,15,AUTO_FALL_LIKE
2026-07-28 10:08:07.209,-0.33,-0.24,0.91,-4.09,32.78,10.68,FALL,15,AUTO_FALL_LIKE
2026-07-28 10:08:07.209,-0.3,-0.24,0.93,-2.38,11.66,2.26,FALL,15,AUTO_FALL_LIKE
2026-07-28 10:08:07.269,-0.28,-0.24,0.93,-3.54,1.1,-2.62,FALL,15,AUTO_FALL_LIKE
2026-07-28 10:08:07.269,-0.28,-0.24,0.93,-3.54,1.1,-2.62,FALL,15,AUTO_FALL_LIKE
2026-07-28 10:08:07.270,-0.29,-0.26,0.91,-5.25,4.7,-1.83,FALL,15,AUTO_FALL_LIKE
2026-07-28 10:08:07.389,-0.29,-0.26,0.91,-5.25,4.7,-1.83,FALL,15,AUTO_FALL_LIKE
2026-07-28 10:08:07.389,-0.3,-0.24,0.91,0.73,4.03,0.31,FALL,15,AUTO_FALL_LIKE
2026-07-28 10:08:07.390,-0.3,-0.24,0.91,0.73,4.03,0.31,FALL,15,AUTO_FALL_LIKE
2026-07-28 10:08:07.390,-0.3,-0.24,0.92,4.94,0.37,1.16,FALL,15,AUTO_FALL_LIKE
2026-07-28 10:08:07.391,-0.3,-0.24,0.92,4.94,0.37,1.16,FALL,15,AUTO_FALL_LIKE
2026-07-28 10:08:07.449,-0.29,-0.24,0.93,3.72,-0.24,1.65,FALL,15,AUTO_FALL_LIKE
2026-07-28 10:08:07.449,-0.29,-0.24,0.93,3.72,-0.24,1.65,FALL,15,AUTO_FALL_LIKE
2026-07-28 10:08:07.450,-0.3,-0.24,0.93,2.5,0.67,2.38,FALL,15,AUTO_FALL_LIKE
2026-07-28 10:08:07.509,-0.3,-0.23,0.94,2.14,0.61,1.83,FALL,15,AUTO_FALL_LIKE
2026-07-28 10:08:07.509,-0.3,-0.23,0.94,2.14,0.61,1.83,FALL,15,AUTO_FALL_LIKE
2026-07-28 10:08:07.509,-0.3,-0.23,0.93,0.67,-0.06,0.61,FALL,15,AUTO_FALL_LIKE
2026-07-28 10:08:07.569,-0.3,-0.23,0.93,0.67,-0.06,0.61,FALL,15,AUTO_FALL_LIKE
2026-07-28 10:08:07.569,-0.3,-0.23,0.92,-0.92,-1.65,0.06,FALL,15,AUTO_FALL_LIKE
2026-07-28 10:08:07.629,-0.3,-0.23,0.92,-0.92,-1.65,0.06,FALL,15,AUTO_FALL_LIKE
2026-07-28 10:08:07.629,-0.3,-0.23,0.91,-0.06,-3.91,-0.24,FALL,15,AUTO_FALL_LIKE
2026-07-28 10:08:07.630,-0.3,-0.23,0.91,-0.06,-3.91,-0.24,FALL,15,AUTO_FALL_LIKE
2026-07-28 10:08:07.689,-0.29,-0.23,0.91,1.1,-4.39,-0.49,FALL,15,AUTO_FALL_LIKE
2026-07-28 10:08:07.689,-0.29,-0.24,0.92,2.2,-5.49,-0.73,FALL,15,AUTO_FALL_LIKE
2026-07-28 10:08:07.690,-0.29,-0.24,0.92,2.2,-5.49,-0.73,FALL,15,AUTO_FALL_LIKE
2026-07-28 10:08:07.749,-0.3,-0.23,0.92,3.97,-6.23,-0.61,FALL,15,AUTO_FALL_LIKE
2026-07-28 10:08:07.750,-0.3,-0.23,0.92,3.97,-6.23,-0.61,FALL,15,AUTO_FALL_LIKE
2026-07-28 10:08:07.809,-0.3,-0.23,0.93,5.92,-7.2,-1.22,FALL,15,AUTO_FALL_LIKE
2026-07-28 10:08:07.810,-0.3,-0.23,0.93,5.92,-7.2,-1.22,FALL,15,AUTO_FALL_LIKE
2026-07-28 10:08:07.810,-0.28,-0.22,0.95,6.59,-6.35,-3.05,FALL,15,AUTO_FALL_LIKE
2026-07-28 10:08:07.873,-0.28,-0.22,0.95,6.59,-6.35,-3.05,FALL,15,AUTO_FALL_LIKE
2026-07-28 10:08:07.873,-0.27,-0.22,0.96,4.15,1.71,-5.62,FALL,15,AUTO_FALL_LIKE
2026-07-28 10:08:07.874,-0.27,-0.22,0.96,4.15,1.71,-5.62,FALL,15,AUTO_FALL_LIKE
2026-07-28 10:08:07.929,-0.27,-0.22,0.96,4.15,1.71,-5.62,FALL,15,AUTO_FALL_LIKE
2026-07-28 10:08:07.930,-0.27,-0.22,0.96,4.15,1.71,-5.62,FALL,15,AUTO_FALL_LIKE
2026-07-28 10:08:07.930,-0.23,-0.21,0.94,10.86,-5.49,-8.54,FALL,15,AUTO_FALL_LIKE
2026-07-28 10:08:07.989,-0.23,-0.21,0.94,10.86,-5.49,-8.54,FALL,15,AUTO_FALL_LIKE
2026-07-28 10:08:07.989,-0.24,-0.2,0.94,15.5,-11.78,-3.11,FALL,15,AUTO_FALL_LIKE
2026-07-28 10:08:07.990,-0.27,-0.2,0.92,9.83,-7.2,4.58,FALL,15,AUTO_FALL_LIKE
2026-07-28 10:08:08.049,-0.27,-0.2,0.92,9.83,-7.2,4.58,FALL,15,AUTO_FALL_LIKE
2026-07-28 10:08:08.049,-0.28,-0.2,0.91,0.43,-0.79,7.2,FALL,15,AUTO_FALL_LIKE
2026-07-28 10:08:08.109,-0.28,-0.2,0.91,0.43,-0.79,7.2,FALL,15,AUTO_FALL_LIKE
2026-07-28 10:08:08.109,-0.27,-0.2,0.92,-1.1,0.12,4.39,FALL,15,AUTO_FALL_LIKE
2026-07-28 10:08:08.109,-0.27,-0.2,0.92,-1.1,0.12,4.39,FALL,15,AUTO_FALL_LIKE
2026-07-28 10:08:08.230,-0.25,-0.19,0.92,0.31,-6.96,1.71,NO_FALL,,
2026-07-28 10:08:08.230,-0.25,-0.19,0.92,0.31,-6.96,1.71,NO_FALL,,
2026-07-28 10:08:08.230,-0.23,-0.2,0.95,0.06,-19.47,-1.16,NO_FALL,,
2026-07-28 10:08:08.231,-0.22,-0.2,0.99,7.63,-22.22,-1.89,NO_FALL,,
2026-07-28 10:08:08.231,-0.22,-0.2,0.99,7.63,-22.22,-1.89,NO_FALL,,
2026-07-28 10:08:08.349,-0.23,-0.17,1.01,14.28,-11.35,1.46,NO_FALL,,
2026-07-28 10:08:08.350,-0.23,-0.17,1.01,14.28,-11.35,1.46,NO_FALL,,
2026-07-28 10:08:08.350,-0.25,-0.19,0.99,5.13,-3.48,3.48,NO_FALL,,
2026-07-28 10:08:08.350,-0.25,-0.19,0.99,5.13,-3.48,3.48,NO_FALL,,
2026-07-28 10:08:08.352,-0.25,-0.19,0.96,-2.99,-6.71,3.05,NO_FALL,,
2026-07-28 10:08:08.352,-0.25,-0.19,0.96,-2.99,-6.71,3.05,NO_FALL,,
2026-07-28 10:08:08.409,-0.23,-0.18,0.97,-1.4,-14.34,0.73,NO_FALL,,
2026-07-28 10:08:08.409,-0.23,-0.18,0.97,0.55,-15.62,-1.4,NO_FALL,,
2026-07-28 10:08:08.410,-0.18,-0.19,0.96,0.55,-15.62,-1.4,NO_FALL,,
2026-07-28 10:08:08.535,-0.15,-0.2,0.96,11.47,-9.46,2.62,NO_FALL,,
2026-07-28 10:08:08.536,-0.15,-0.2,0.96,11.47,-9.46,2.62,NO_FALL,,
2026-07-28 10:08:08.537,-0.18,-0.17,1.03,24.48,-2.62,13.0,NO_FALL,,
2026-07-28 10:08:08.537,-0.18,-0.17,1.03,24.48,-2.62,13.0,NO_FALL,,
2026-07-28 10:08:08.537,-0.24,-0.24,1.23,5.25,-2.56,18.86,NO_FALL,,
2026-07-28 10:08:08.651,-0.24,-0.24,1.23,5.25,-2.56,18.86,FALL,16,AUTO_FALL_LIKE
2026-07-28 10:08:08.652,-0.27,-0.35,1.5,-22.4,-20.45,16.66,FALL,16,AUTO_FALL_LIKE
2026-07-28 10:08:08.652,-0.27,-0.35,1.5,-9.4,-69.21,11.6,FALL,16,AUTO_FALL_LIKE
2026-07-28 10:08:08.653,-0.29,-0.43,1.62,-9.4,-69.21,11.6,FALL,16,AUTO_FALL_LIKE
2026-07-28 10:08:08.653,-0.25,-0.42,1.52,20.39,-129.52,-7.57,FALL,16,AUTO_FALL_LIKE
2026-07-28 10:08:08.829,-0.25,-0.42,1.52,20.39,-129.52,-7.57,FALL,16,AUTO_FALL_LIKE
2026-07-28 10:08:08.829,-0.12,-0.27,1.3,17.7,-163.51,-40.95,FALL,16,AUTO_FALL_LIKE
2026-07-28 10:08:08.830,-0.12,-0.27,1.3,17.7,-163.51,-40.95,FALL,16,AUTO_FALL_LIKE
2026-07-28 10:08:08.830,0.04,-0.13,1.06,-13.85,-170.41,-60.49,FALL,16,AUTO_FALL_LIKE
2026-07-28 10:08:08.831,0.04,-0.13,1.06,-13.85,-170.41,-60.49,FALL,16,AUTO_FALL_LIKE
2026-07-28 10:08:08.832,0.17,-0.07,0.81,-48.03,-163.76,-60.0,FALL,16,AUTO_FALL_LIKE
2026-07-28 10:08:08.833,0.27,-0.04,0.61,-64.76,-144.23,-51.94,FALL,16,AUTO_FALL_LIKE
2026-07-28 10:08:08.834,0.27,-0.04,0.61,-64.76,-144.23,-51.94,FALL,16,AUTO_FALL_LIKE
2026-07-28 10:08:08.889,0.35,-0.0,0.49,-57.13,-120.97,-35.83,FALL,16,AUTO_FALL_LIKE
2026-07-28 10:08:08.889,0.35,-0.0,0.49,-57.13,-120.97,-35.83,FALL,16,AUTO_FALL_LIKE
2026-07-28 10:08:08.890,0.46,0.01,0.44,-42.36,-104.19,-13.85,FALL,16,AUTO_FALL_LIKE
2026-07-28 10:08:08.968,0.46,0.01,0.44,-42.36,-104.19,-13.85,FALL,16,AUTO_FALL_LIKE
2026-07-28 10:08:08.968,0.53,-0.03,0.42,-29.42,-91.55,1.16,FALL,16,AUTO_FALL_LIKE
2026-07-28 10:08:09.249,0.55,-0.11,0.41,-17.27,-77.88,6.65,FALL,16,AUTO_FALL_LIKE
2026-07-28 10:08:09.249,0.55,-0.11,0.41,-17.27,-77.88,6.65,FALL,16,AUTO_FALL_LIKE
2026-07-28 10:08:09.250,0.57,-0.2,0.44,-7.93,-64.88,9.83,FALL,16,AUTO_FALL_LIKE
2026-07-28 10:08:09.250,0.57,-0.2,0.44,-7.93,-64.88,9.83,FALL,16,AUTO_FALL_LIKE
2026-07-28 10:08:09.252,0.6,-0.23,0.48,2.44,-52.49,12.94,FALL,16,AUTO_FALL_LIKE
2026-07-28 10:08:09.252,0.6,-0.23,0.48,2.44,-52.49,12.94,FALL,16,AUTO_FALL_LIKE
2026-07-28 10:08:09.253,0.65,-0.23,0.54,11.96,-35.95,12.94,FALL,16,AUTO_FALL_LIKE
2026-07-28 10:08:09.254,0.65,-0.23,0.54,19.1,-19.71,3.11,FALL,16,AUTO_FALL_LIKE
2026-07-28 10:08:09.255,0.68,-0.21,0.56,19.1,-19.71,3.11,FALL,16,AUTO_FALL_LIKE
2026-07-28 10:08:09.256,0.68,-0.16,0.53,28.2,-9.03,-13.24,FALL,16,AUTO_FALL_LIKE
2026-07-28 10:08:09.256,0.68,-0.16,0.53,28.2,-9.03,-13.24,FALL,16,AUTO_FALL_LIKE
2026-07-28 10:08:09.257,0.7,-0.05,0.5,31.19,2.38,-15.38,FALL,16,AUTO_FALL_LIKE
2026-07-28 10:08:09.258,0.7,-0.05,0.5,31.19,2.38,-15.38,FALL,16,AUTO_FALL_LIKE
2026-07-28 10:08:09.259,0.63,0.04,0.45,31.74,16.6,7.2,FALL,16,AUTO_FALL_LIKE
2026-07-28 10:08:09.369,0.32,0.05,0.24,59.81,11.78,43.95,FALL,16,AUTO_FALL_LIKE
2026-07-28 10:08:09.369,0.32,0.05,0.24,59.81,11.78,43.95,FALL,16,AUTO_FALL_LIKE
2026-07-28 10:08:09.370,-0.02,0.01,-0.0,115.48,-7.14,73.67,FALL,16,AUTO_FALL_LIKE
2026-07-28 10:08:09.370,-0.02,0.01,-0.0,115.48,-7.14,73.67,FALL,16,AUTO_FALL_LIKE
2026-07-28 10:08:09.371,-0.1,0.0,-0.08,123.78,3.42,68.54,FALL,16,AUTO_FALL_LIKE
2026-07-28 10:08:09.429,-0.1,0.0,-0.08,123.78,3.42,68.54,FALL,16,AUTO_FALL_LIKE
2026-07-28 10:08:09.429,-0.03,-0.0,-0.03,37.11,51.51,20.51,FALL,16,AUTO_FALL_LIKE
2026-07-28 10:08:09.489,-0.03,-0.0,-0.03,-46.02,111.63,-35.58,FALL,16,AUTO_FALL_LIKE
2026-07-28 10:08:09.489,0.27,-0.08,0.2,-46.02,111.63,-35.58,FALL,16,AUTO_FALL_LIKE
2026-07-28 10:08:09.492,0.22,-0.98,0.68,-305.79,266.78,48.58,FALL,16,AUTO_FALL_LIKE
2026-07-28 10:08:09.550,0.22,-0.98,0.68,-305.79,266.78,48.58,FALL,16,AUTO_FALL_LIKE
2026-07-28 10:08:09.550,-0.38,-1.65,0.58,-675.96,444.52,314.45,FALL,16,AUTO_FALL_LIKE
2026-07-28 10:08:09.550,-0.38,-1.65,0.58,-675.96,444.52,314.45,FALL,16,AUTO_FALL_LIKE
2026-07-28 10:08:09.609,-0.77,-1.25,0.01,-561.28,360.29,425.78,FALL,16,AUTO_FALL_LIKE
2026-07-28 10:08:09.609,-0.78,-0.89,-0.08,-104.37,100.71,232.42,FALL,16,AUTO_FALL_LIKE
2026-07-28 10:08:09.669,-0.78,-0.89,-0.08,-104.37,100.71,232.42,FALL,16,AUTO_FALL_LIKE
2026-07-28 10:08:09.669,-0.54,-0.8,0.1,168.82,-78.92,-33.75,FALL,16,AUTO_FALL_LIKE
2026-07-28 10:08:09.670,-0.54,-0.8,0.1,168.82,-78.92,-33.75,FALL,16,AUTO_FALL_LIKE
2026-07-28 10:08:09.728,-0.26,-0.84,0.28,214.05,-136.35,-179.99,FALL,16,AUTO_FALL_LIKE
2026-07-28 10:08:09.729,-0.26,-0.84,0.28,186.1,-103.21,-169.19,FALL,16,AUTO_FALL_LIKE
2026-07-28 10:08:09.792,-0.09,-0.84,0.45,186.1,-103.21,-169.19,FALL,16,AUTO_FALL_LIKE
2026-07-28 10:08:09.792,-0.02,-0.81,0.58,139.95,-43.82,-90.7,FALL,16,AUTO_FALL_LIKE
2026-07-28 10:08:09.792,-0.02,-0.81,0.58,139.95,-43.82,-90.7,FALL,16,AUTO_FALL_LIKE
2026-07-28 10:08:09.855,-0.05,-0.8,0.62,67.87,-10.74,-22.4,FALL,16,AUTO_FALL_LIKE
2026-07-28 10:08:09.855,-0.05,-0.8,0.62,67.87,-10.74,-22.4,FALL,16,AUTO_FALL_LIKE
2026-07-28 10:08:09.971,-0.13,-0.8,0.6,10.8,-1.65,12.39,FALL,16,AUTO_FALL_LIKE
2026-07-28 10:08:09.973,-0.13,-0.8,0.6,-9.09,-0.98,15.81,FALL,16,AUTO_FALL_LIKE
2026-07-28 10:08:09.973,-0.17,-0.81,0.58,-9.09,-0.98,15.81,FALL,16,AUTO_FALL_LIKE
2026-07-28 10:08:09.973,-0.16,-0.82,0.57,-7.39,-2.01,5.92,FALL,16,AUTO_FALL_LIKE
2026-07-28 10:08:09.973,-0.16,-0.82,0.57,-7.39,-2.01,5.92,FALL,16,AUTO_FALL_LIKE
2026-07-28 10:08:09.973,-0.13,-0.82,0.57,-1.53,-2.01,-1.34,FALL,16,AUTO_FALL_LIKE
2026-07-28 10:08:10.029,-0.13,-0.82,0.57,-1.53,-2.01,-1.34,FALL,16,AUTO_FALL_LIKE
2026-07-28 10:08:10.029,-0.12,-0.82,0.57,1.22,-1.95,-2.93,FALL,16,AUTO_FALL_LIKE
2026-07-28 10:08:10.030,-0.12,-0.82,0.57,1.22,-1.95,-2.93,FALL,16,AUTO_FALL_LIKE
2026-07-28 10:08:10.209,-0.12,-0.8,0.56,2.14,-1.28,-0.85,FALL,16,AUTO_FALL_LIKE
2026-07-28 10:08:10.209,-0.12,-0.8,0.56,2.14,-1.28,-0.85,FALL,16,AUTO_FALL_LIKE
2026-07-28 10:08:10.210,-0.13,-0.8,0.56,0.31,0.24,2.75,FALL,16,AUTO_FALL_LIKE
2026-07-28 10:08:10.210,-0.13,-0.81,0.55,-1.59,0.61,4.21,FALL,16,AUTO_FALL_LIKE
2026-07-28 10:08:10.211,-0.13,-0.81,0.55,-1.59,0.61,4.21,FALL,16,AUTO_FALL_LIKE
2026-07-28 10:08:10.212,-0.13,-0.81,0.56,1.28,-0.73,1.46,FALL,16,AUTO_FALL_LIKE
2026-07-28 10:08:10.213,-0.13,-0.81,0.56,1.28,-0.73,1.46,FALL,16,AUTO_FALL_LIKE
2026-07-28 10:08:10.214,-0.13,-0.81,0.58,4.76,-2.14,-1.95,FALL,16,AUTO_FALL_LIKE
2026-07-28 10:08:10.269,-0.13,-0.81,0.58,4.76,-2.14,-1.95,FALL,16,AUTO_FALL_LIKE
2026-07-28 10:08:10.269,-0.13,-0.8,0.59,4.64,-2.01,-1.83,FALL,16,AUTO_FALL_LIKE
2026-07-28 10:08:10.329,-0.13,-0.8,0.59,4.64,-2.01,-1.83,FALL,16,AUTO_FALL_LIKE
2026-07-28 10:08:10.329,-0.13,-0.79,0.58,0.12,-0.43,1.28,FALL,16,AUTO_FALL_LIKE
2026-07-28 10:08:10.330,-0.13,-0.79,0.58,0.12,-0.43,1.28,FALL,16,AUTO_FALL_LIKE
2026-07-28 10:08:10.390,-0.14,-0.8,0.56,-5.49,0.67,3.97,FALL,16,AUTO_FALL_LIKE
2026-07-28 10:08:10.391,-0.14,-0.81,0.55,-8.0,1.4,4.76,FALL,16,AUTO_FALL_LIKE
2026-07-28 10:08:10.391,-0.14,-0.81,0.55,-8.0,1.4,4.76,FALL,16,AUTO_FALL_LIKE
2026-07-28 10:08:10.450,-0.13,-0.83,0.54,-7.39,1.53,3.91,FALL,16,AUTO_FALL_LIKE
2026-07-28 10:08:10.450,-0.13,-0.83,0.54,-7.39,1.53,3.91,FALL,16,AUTO_FALL_LIKE
2026-07-28 10:08:10.569,-0.13,-0.84,0.55,-2.93,0.43,2.01,FALL,16,AUTO_FALL_LIKE
2026-07-28 10:08:10.570,-0.13,-0.84,0.55,-2.93,0.43,2.01,FALL,16,AUTO_FALL_LIKE
2026-07-28 10:08:10.570,-0.13,-0.84,0.56,2.38,-1.1,-0.12,FALL,16,AUTO_FALL_LIKE
2026-07-28 10:08:10.570,-0.13,-0.84,0.56,2.38,-1.1,-0.12,FALL,16,AUTO_FALL_LIKE
2026-07-28 10:08:10.571,-0.13,-0.82,0.57,4.03,-1.59,-0.98,FALL,16,AUTO_FALL_LIKE
2026-07-28 10:08:10.572,-0.13,-0.82,0.57,4.03,-1.59,-0.98,FALL,16,AUTO_FALL_LIKE
2026-07-28 10:08:10.628,-0.13,-0.81,0.56,3.05,-0.98,-0.49,FALL,16,AUTO_FALL_LIKE
2026-07-28 10:08:10.629,-0.13,-0.8,0.56,2.93,-1.04,-0.12,FALL,16,AUTO_FALL_LIKE
2026-07-28 10:08:10.629,-0.13,-0.8,0.56,2.93,-1.04,-0.12,FALL,16,AUTO_FALL_LIKE
2026-07-28 10:08:10.689,-0.13,-0.8,0.56,4.21,-2.08,-0.55,FALL,16,AUTO_FALL_LIKE
2026-07-28 10:08:10.689,-0.13,-0.8,0.56,4.21,-2.08,-0.55,FALL,16,AUTO_FALL_LIKE
2026-07-28 10:08:10.749,-0.12,-0.8,0.56,3.85,-2.99,-2.01,FALL,16,AUTO_FALL_LIKE
2026-07-28 10:08:10.750,-0.12,-0.8,0.56,3.85,-2.99,-2.01,FALL,16,AUTO_FALL_LIKE
2026-07-28 10:08:10.751,-0.12,-0.8,0.56,1.89,-2.99,-2.44,FALL,16,AUTO_FALL_LIKE
2026-07-28 10:08:10.809,-0.12,-0.8,0.56,1.89,-2.99,-2.44,FALL,16,AUTO_FALL_LIKE
2026-07-28 10:08:10.811,-0.13,-0.8,0.56,0.73,-1.89,-0.67,FALL,16,AUTO_FALL_LIKE
2026-07-28 10:08:10.811,-0.13,-0.8,0.56,0.73,-1.89,-0.67,FALL,16,AUTO_FALL_LIKE
2026-07-28 10:08:11.169,-0.14,-0.81,0.57,0.85,-0.49,0.61,NO_FALL,,
2026-07-28 10:08:11.170,-0.14,-0.81,0.57,0.0,0.18,0.49,NO_FALL,,
2026-07-28 10:08:11.170,-0.14,-0.81,0.57,0.0,0.18,0.49,NO_FALL,,
2026-07-28 10:08:11.171,-0.13,-0.81,0.56,0.06,-0.98,0.67,NO_FALL,,
2026-07-28 10:08:11.172,-0.13,-0.81,0.56,0.06,-0.98,0.67,NO_FALL,,
2026-07-28 10:08:11.172,-0.14,-0.81,0.57,4.82,-3.66,3.42,NO_FALL,,
2026-07-28 10:08:11.173,-0.14,-0.81,0.57,4.82,-3.66,3.42,NO_FALL,,
2026-07-28 10:08:11.174,-0.15,-0.81,0.59,10.01,-5.74,4.64,NO_FALL,,
2026-07-28 10:08:11.175,-0.15,-0.81,0.59,10.01,-5.74,4.64,NO_FALL,,
2026-07-28 10:08:11.176,-0.13,-0.81,0.6,11.66,-5.19,0.61,NO_FALL,,
2026-07-28 10:08:11.176,-0.13,-0.81,0.6,9.28,-4.52,-4.88,NO_FALL,,
2026-07-28 10:08:11.177,-0.09,-0.81,0.61,9.28,-4.52,-4.88,NO_FALL,,
2026-07-28 10:08:11.178,-0.06,-0.79,0.59,5.92,-5.13,-6.35,NO_FALL,,
2026-07-28 10:08:11.179,-0.06,-0.79,0.59,5.92,-5.13,-6.35,NO_FALL,,
2026-07-28 10:08:11.179,-0.05,-0.78,0.57,5.55,-5.07,-1.83,NO_FALL,,
2026-07-28 10:08:11.180,-0.05,-0.78,0.57,5.55,-5.07,-1.83,NO_FALL,,
2026-07-28 10:08:11.181,-0.07,-0.76,0.57,12.76,-4.39,2.32,NO_FALL,,
2026-07-28 10:08:11.289,-0.07,-0.76,0.57,24.9,-5.86,1.1,NO_FALL,,
2026-07-28 10:08:11.289,-0.11,-0.75,0.61,24.9,-5.86,1.1,NO_FALL,,
2026-07-28 10:08:11.290,-0.13,-0.75,0.67,31.62,-11.78,-3.48,NO_FALL,,
2026-07-28 10:08:11.290,-0.13,-0.75,0.67,31.62,-11.78,-3.48,NO_FALL,,
2026-07-28 10:08:11.409,-0.13,-0.75,0.7,25.82,-13.61,-5.92,NO_FALL,,
2026-07-28 10:08:11.409,-0.13,-0.75,0.7,25.82,-13.61,-5.92,NO_FALL,,
2026-07-28 10:08:11.410,-0.11,-0.75,0.64,7.87,-8.79,-4.21,NO_FALL,,
2026-07-28 10:08:11.410,-0.11,-0.75,0.64,7.87,-8.79,-4.21,NO_FALL,,
2026-07-28 10:08:11.411,-0.08,-0.72,0.6,7.08,-4.58,-1.46,NO_FALL,,
2026-07-28 10:08:11.412,-0.08,-0.72,0.6,7.08,-4.58,-1.46,NO_FALL,,
2026-07-28 10:08:11.469,-0.09,-0.68,0.64,25.02,-0.06,3.05,NO_FALL,,
2026-07-28 10:08:11.470,-0.12,-0.71,0.7,19.41,2.87,4.64,NO_FALL,,
2026-07-28 10:08:11.529,-0.12,-0.71,0.7,19.41,2.87,4.64,NO_FALL,,
2026-07-28 10:08:11.529,-0.11,-0.75,0.74,1.4,-2.69,-4.39,NO_FALL,,
2026-07-28 10:08:11.530,-0.11,-0.75,0.74,1.4,-2.69,-4.39,NO_FALL,,
2026-07-28 10:08:11.589,-0.08,-0.76,0.72,-8.18,-10.38,-12.63,NO_FALL,,
2026-07-28 10:08:11.589,-0.08,-0.76,0.72,-8.18,-10.38,-12.63,NO_FALL,,
2026-07-28 10:08:11.590,-0.05,-0.75,0.66,-10.07,-9.89,-9.46,NO_FALL,,
2026-07-28 10:08:11.709,-0.05,-0.75,0.66,-10.07,-9.89,-9.46,FALL,17,USER_CONFIRMED_FALL
2026-07-28 10:08:11.709,-0.04,-0.73,0.66,4.03,-3.78,-3.85,FALL,17,USER_CONFIRMED_FALL
2026-07-28 10:08:11.710,-0.04,-0.73,0.66,19.04,0.0,-4.39,FALL,17,USER_CONFIRMED_FALL
2026-07-28 10:08:11.710,-0.05,-0.71,0.69,19.04,0.0,-4.39,FALL,17,USER_CONFIRMED_FALL
2026-07-28 10:08:11.712,-0.06,-0.71,0.71,20.14,-2.69,-10.13,FALL,17,USER_CONFIRMED_FALL
2026-07-28 10:08:11.830,-0.06,-0.71,0.71,20.14,-2.69,-10.13,FALL,17,USER_CONFIRMED_FALL
2026-07-28 10:08:11.831,-0.04,-0.7,0.72,22.58,-8.85,-16.72,FALL,17,USER_CONFIRMED_FALL
2026-07-28 10:08:11.832,-0.04,-0.7,0.72,22.58,-8.85,-16.72,FALL,17,USER_CONFIRMED_FALL
2026-07-28 10:08:11.832,-0.03,-0.69,0.75,34.55,-9.77,-21.12,FALL,17,USER_CONFIRMED_FALL
2026-07-28 10:08:11.832,-0.03,-0.69,0.75,34.55,-9.77,-21.12,FALL,17,USER_CONFIRMED_FALL
2026-07-28 10:08:11.832,-0.02,-0.66,0.76,42.91,-2.44,-24.41,FALL,17,USER_CONFIRMED_FALL
2026-07-28 10:08:11.965,-0.01,-0.63,0.77,39.67,4.15,-22.77,FALL,17,USER_CONFIRMED_FALL
2026-07-28 10:08:11.966,-0.01,-0.63,0.77,39.67,4.15,-22.77,FALL,17,USER_CONFIRMED_FALL
2026-07-28 10:08:11.967,-0.01,-0.64,0.77,29.05,4.21,-13.49,FALL,17,USER_CONFIRMED_FALL
2026-07-28 10:08:11.967,-0.01,-0.64,0.77,29.05,4.21,-13.49,FALL,17,USER_CONFIRMED_FALL
2026-07-28 10:08:11.968,-0.01,-0.64,0.77,23.07,0.0,-10.38,FALL,17,USER_CONFIRMED_FALL
2026-07-28 10:08:12.129,-0.01,-0.64,0.77,23.07,0.0,-10.38,FALL,17,USER_CONFIRMED_FALL
2026-07-28 10:08:12.131,-0.01,-0.61,0.79,27.34,-4.52,-20.2,FALL,17,USER_CONFIRMED_FALL
2026-07-28 10:08:12.132,-0.01,-0.61,0.79,27.34,-4.52,-20.2,FALL,17,USER_CONFIRMED_FALL
2026-07-28 10:08:12.133,0.02,-0.53,0.8,39.31,-8.97,-34.0,FALL,17,USER_CONFIRMED_FALL
2026-07-28 10:08:12.133,0.07,-0.47,0.8,47.3,-17.58,-31.07,FALL,17,USER_CONFIRMED_FALL
2026-07-28 10:08:12.133,0.07,-0.47,0.8,47.3,-17.58,-31.07,FALL,17,USER_CONFIRMED_FALL
2026-07-28 10:08:12.134,0.11,-0.48,0.82,35.77,-21.67,-5.55,FALL,17,USER_CONFIRMED_FALL
2026-07-28 10:08:12.134,0.11,-0.48,0.82,35.77,-21.67,-5.55,FALL,17,USER_CONFIRMED_FALL
2026-07-28 10:08:12.309,0.1,-0.53,0.84,9.95,-12.39,14.16,FALL,17,USER_CONFIRMED_FALL
2026-07-28 10:08:12.309,0.1,-0.53,0.84,9.95,-12.39,14.16,FALL,17,USER_CONFIRMED_FALL
2026-07-28 10:08:12.310,0.07,-0.56,0.85,-0.31,-2.38,7.63,FALL,17,USER_CONFIRMED_FALL
2026-07-28 10:08:12.310,0.07,-0.56,0.85,-0.31,-2.38,7.63,FALL,17,USER_CONFIRMED_FALL
2026-07-28 10:08:12.311,0.08,-0.53,0.87,12.76,-0.06,-10.74,FALL,17,USER_CONFIRMED_FALL
2026-07-28 10:08:12.312,0.1,-0.51,0.89,23.56,1.77,-18.13,FALL,17,USER_CONFIRMED_FALL
2026-07-28 10:08:12.313,0.1,-0.51,0.89,23.56,1.77,-18.13,FALL,17,USER_CONFIRMED_FALL
2026-07-28 10:08:12.314,0.1,-0.49,0.9,18.86,5.98,-12.39,FALL,17,USER_CONFIRMED_FALL
2026-07-28 10:08:12.369,0.1,-0.49,0.9,18.86,5.98,-12.39,FALL,17,USER_CONFIRMED_FALL
2026-07-28 10:08:12.369,0.08,-0.49,0.9,5.25,7.08,-2.08,FALL,17,USER_CONFIRMED_FALL
2026-07-28 10:08:12.370,0.08,-0.49,0.9,5.25,7.08,-2.08,FALL,17,USER_CONFIRMED_FALL
2026-07-28 10:08:12.429,0.06,-0.51,0.9,-6.59,2.38,5.92,FALL,17,USER_CONFIRMED_FALL
2026-07-28 10:08:12.429,0.06,-0.51,0.9,-6.59,2.38,5.92,FALL,17,USER_CONFIRMED_FALL
2026-07-28 10:08:12.610,0.04,-0.58,0.94,-2.38,-8.48,8.54,FALL,17,USER_CONFIRMED_FALL
2026-07-28 10:08:12.610,0.08,-0.65,1.01,21.55,-21.06,5.8,FALL,17,USER_CONFIRMED_FALL
2026-07-28 10:08:12.612,0.08,-0.65,1.01,21.55,-21.06,5.8,FALL,17,USER_CONFIRMED_FALL
2026-07-28 10:08:12.614,0.16,-0.71,1.12,39.43,-29.91,0.06,FALL,17,USER_CONFIRMED_FALL
2026-07-28 10:08:12.614,0.16,-0.71,1.12,39.43,-29.91,0.06,FALL,17,USER_CONFIRMED_FALL
2026-07-28 10:08:12.614,0.21,-0.75,1.23,40.83,-46.14,-14.65,FALL,17,USER_CONFIRMED_FALL
2026-07-28 10:08:12.614,0.21,-0.75,1.23,40.83,-46.14,-14.65,FALL,17,USER_CONFIRMED_FALL
2026-07-28 10:08:12.616,0.24,-0.72,1.28,38.64,-74.83,-38.64,FALL,17,USER_CONFIRMED_FALL
2026-07-28 10:08:12.616,0.24,-0.72,1.28,38.64,-74.83,-38.64,FALL,17,USER_CONFIRMED_FALL
2026-07-28 10:08:12.790,0.29,-0.59,1.21,25.27,-98.75,-59.27,FALL,17,USER_CONFIRMED_FALL
2026-07-28 10:08:12.790,0.34,-0.4,1.04,-8.79,-107.91,-68.24,FALL,17,USER_CONFIRMED_FALL
2026-07-28 10:08:12.790,0.34,-0.4,1.04,-8.79,-107.91,-68.24,FALL,17,USER_CONFIRMED_FALL
2026-07-28 10:08:12.791,0.38,-0.26,0.86,-48.71,-111.63,-62.68,FALL,17,USER_CONFIRMED_FALL
2026-07-28 10:08:12.791,0.38,-0.26,0.86,-48.71,-111.63,-62.68,FALL,17,USER_CONFIRMED_FALL
2026-07-28 10:08:12.794,0.43,-0.22,0.72,-67.2,-117.25,-48.77,FALL,17,USER_CONFIRMED_FALL
2026-07-28 10:08:12.795,0.43,-0.22,0.72,-67.2,-117.25,-48.77,FALL,17,USER_CONFIRMED_FALL
2026-07-28 10:08:12.850,0.46,-0.2,0.57,-56.64,-124.08,-33.39,FALL,17,USER_CONFIRMED_FALL
2026-07-28 10:08:12.850,0.48,-0.16,0.42,-34.79,-121.89,-20.94,FALL,17,USER_CONFIRMED_FALL
2026-07-28 10:08:12.851,0.48,-0.16,0.42,-34.79,-121.89,-20.94,FALL,17,USER_CONFIRMED_FALL
2026-07-28 10:08:12.909,0.49,-0.15,0.33,-19.53,-98.08,-18.49,FALL,17,USER_CONFIRMED_FALL
2026-07-28 10:08:12.909,0.49,-0.15,0.33,-19.53,-98.08,-18.49,FALL,17,USER_CONFIRMED_FALL
2026-07-28 10:08:13.029,0.52,-0.21,0.32,-9.7,-62.38,-22.22,FALL,17,USER_CONFIRMED_FALL
2026-07-28 10:08:13.029,0.52,-0.21,0.32,-9.7,-62.38,-22.22,FALL,17,USER_CONFIRMED_FALL
2026-07-28 10:08:13.030,0.58,-0.27,0.37,0.92,-35.46,-20.81,FALL,17,USER_CONFIRMED_FALL
2026-07-28 10:08:13.030,0.65,-0.32,0.41,6.53,-23.86,-10.8,FALL,17,USER_CONFIRMED_FALL
2026-07-28 10:08:13.031,0.65,-0.32,0.41,6.53,-23.86,-10.8,FALL,17,USER_CONFIRMED_FALL
2026-07-28 10:08:13.032,0.7,-0.36,0.43,7.08,-22.4,2.32,FALL,17,USER_CONFIRMED_FALL
2026-07-28 10:08:13.089,0.7,-0.36,0.43,7.08,-22.4,2.32,FALL,17,USER_CONFIRMED_FALL
2026-07-28 10:08:13.089,0.75,-0.36,0.43,8.3,-21.79,8.36,FALL,17,USER_CONFIRMED_FALL
2026-07-28 10:08:13.090,0.75,-0.36,0.43,8.3,-21.79,8.36,FALL,17,USER_CONFIRMED_FALL
2026-07-28 10:08:13.209,0.8,-0.35,0.42,8.73,-15.99,8.18,FALL,17,USER_CONFIRMED_FALL
2026-07-28 10:08:13.209,0.8,-0.35,0.42,9.09,-8.42,7.08,FALL,17,USER_CONFIRMED_FALL
2026-07-28 10:08:13.209,0.81,-0.36,0.43,9.09,-8.42,7.08,FALL,17,USER_CONFIRMED_FALL
2026-07-28 10:08:13.210,0.8,-0.36,0.44,7.57,-1.95,6.71,FALL,17,USER_CONFIRMED_FALL
2026-07-28 10:08:13.211,0.8,-0.36,0.44,7.57,-1.95,6.71,FALL,17,USER_CONFIRMED_FALL
2026-07-28 10:08:13.269,0.79,-0.37,0.48,2.56,3.23,8.48,FALL,17,USER_CONFIRMED_FALL
2026-07-28 10:08:13.269,0.79,-0.37,0.48,2.56,3.23,8.48,FALL,17,USER_CONFIRMED_FALL
2026-07-28 10:08:13.329,0.78,-0.37,0.52,1.65,3.66,10.38,FALL,17,USER_CONFIRMED_FALL
2026-07-28 10:08:13.329,0.78,-0.37,0.52,8.24,-1.95,12.08,FALL,17,USER_CONFIRMED_FALL
2026-07-28 10:08:13.330,0.74,-0.38,0.52,8.24,-1.95,12.08,FALL,17,USER_CONFIRMED_FALL
2026-07-28 10:08:13.449,0.71,-0.4,0.5,14.47,-5.13,9.34,FALL,17,USER_CONFIRMED_FALL
2026-07-28 10:08:13.450,0.71,-0.4,0.5,14.47,-5.13,9.34,FALL,17,USER_CONFIRMED_FALL
2026-07-28 10:08:13.450,0.7,-0.4,0.5,16.72,2.38,-2.32,FALL,17,USER_CONFIRMED_FALL
2026-07-28 10:08:13.450,0.7,-0.4,0.5,16.72,2.38,-2.32,FALL,17,USER_CONFIRMED_FALL
2026-07-28 10:08:13.451,0.72,-0.31,0.5,28.14,10.31,-6.16,FALL,17,USER_CONFIRMED_FALL
2026-07-28 10:08:13.452,0.72,-0.31,0.5,28.14,10.31,-6.16,FALL,17,USER_CONFIRMED_FALL
2026-07-28 10:08:13.509,0.75,-0.16,0.47,51.94,3.66,8.24,FALL,17,USER_CONFIRMED_FALL
2026-07-28 10:08:13.509,0.75,-0.16,0.47,58.78,-15.99,22.09,FALL,17,USER_CONFIRMED_FALL
2026-07-28 10:08:13.570,0.66,-0.07,0.38,58.78,-15.99,22.09,FALL,17,USER_CONFIRMED_FALL
2026-07-28 10:08:13.572,0.32,-0.03,0.17,38.76,-22.64,27.89,FALL,17,USER_CONFIRMED_FALL
2026-07-28 10:08:13.572,0.32,-0.03,0.17,38.76,-22.64,27.89,FALL,17,USER_CONFIRMED_FALL
2026-07-28 10:08:13.629,-0.03,0.01,-0.04,30.33,14.59,39.86,FALL,17,USER_CONFIRMED_FALL
2026-07-28 10:08:13.629,-0.03,0.01,-0.04,30.33,14.59,39.86,FALL,17,USER_CONFIRMED_FALL
2026-07-28 10:08:13.689,-0.12,0.02,-0.08,20.63,89.84,62.74,FALL,17,USER_CONFIRMED_FALL
2026-07-28 10:08:13.690,-0.12,0.02,-0.08,-9.16,165.59,83.07,FALL,17,USER_CONFIRMED_FALL
2026-07-28 10:08:13.690,-0.05,0.02,-0.03,-9.16,165.59,83.07,FALL,17,USER_CONFIRMED_FALL
2026-07-28 10:08:13.749,0.05,-0.5,0.55,-33.02,222.17,87.46,FALL,17,USER_CONFIRMED_FALL
2026-07-28 10:08:13.749,0.05,-0.5,0.55,-33.02,222.17,87.46,FALL,17,USER_CONFIRMED_FALL
2026-07-28 10:08:13.870,0.09,-0.83,0.92,-35.83,200.2,25.63,FALL,17,USER_CONFIRMED_FALL
2026-07-28 10:08:13.870,0.09,-0.83,0.92,-35.83,200.2,25.63,FALL,17,USER_CONFIRMED_FALL
2026-07-28 10:08:13.871,0.25,-0.43,0.64,-54.02,113.34,-117.61,FALL,17,USER_CONFIRMED_FALL
2026-07-28 10:08:13.871,0.25,-0.43,0.64,-0.31,125.43,-153.2,FALL,17,USER_CONFIRMED_FALL
2026-07-28 10:08:13.871,0.4,-0.1,0.61,-0.31,125.43,-153.2,FALL,17,USER_CONFIRMED_FALL
2026-07-28 10:08:13.872,0.06,-0.03,0.98,156.86,249.76,17.46,FALL,17,USER_CONFIRMED_FALL
2026-07-28 10:08:13.929,0.06,-0.03,0.98,156.86,249.76,17.46,FALL,17,USER_CONFIRMED_FALL
2026-07-28 10:08:13.930,-0.4,-0.16,1.26,168.58,291.63,178.53,FALL,17,USER_CONFIRMED_FALL
2026-07-28 10:08:13.990,-0.4,-0.16,1.26,168.58,291.63,178.53,FALL,17,USER_CONFIRMED_FALL
2026-07-28 10:08:13.990,-0.45,-0.31,1.17,19.84,154.36,158.69,FALL,17,USER_CONFIRMED_FALL
2026-07-28 10:08:13.993,-0.2,-0.39,1.04,-73.61,-24.35,39.98,FALL,17,USER_CONFIRMED_FALL
2026-07-28 10:08:14.110,-0.2,-0.39,1.04,-73.61,-24.35,39.98,FALL,17,USER_CONFIRMED_FALL
2026-07-28 10:08:14.110,-0.02,-0.39,0.96,-66.59,-87.89,-28.44,FALL,17,USER_CONFIRMED_FALL
2026-07-28 10:08:14.110,-0.02,-0.39,0.96,-66.59,-87.89,-28.44,FALL,17,USER_CONFIRMED_FALL
2026-07-28 10:08:14.111,-0.01,-0.38,0.92,-33.14,-49.44,-25.39,FALL,17,USER_CONFIRMED_FALL
2026-07-28 10:08:14.112,-0.01,-0.38,0.92,-33.14,-49.44,-25.39,FALL,17,USER_CONFIRMED_FALL
2026-07-28 10:08:14.169,-0.06,-0.36,0.91,-2.08,-5.68,-6.04,NO_FALL,,
2026-07-28 10:08:14.169,-0.06,-0.36,0.91,-2.08,-5.68,-6.04,NO_FALL,,
2026-07-28 10:08:14.170,-0.06,-0.36,0.91,-2.08,-5.68,-6.04,NO_FALL,,
2026-07-28 10:08:14.229,-0.06,-0.36,0.91,-2.08,-5.68,-6.04,NO_FALL,,
2026-07-28 10:08:14.230,-0.12,-0.3,0.92,18.01,5.62,5.31,NO_FALL,,
2026-07-28 10:08:14.230,-0.12,-0.3,0.92,18.01,5.62,5.31,NO_FALL,,
2026-07-28 10:08:14.291,-0.12,-0.32,0.92,1.83,0.12,1.77,NO_FALL,,
2026-07-28 10:08:14.291,-0.11,-0.32,0.93,-0.85,-2.32,-0.37,NO_FALL,,
2026-07-28 10:08:14.292,-0.11,-0.32,0.93,-0.85,-2.32,-0.37,NO_FALL,,
2026-07-28 10:08:14.350,-0.1,-0.32,0.94,-0.92,-2.69,-0.43,NO_FALL,,
2026-07-28 10:08:14.350,-0.1,-0.32,0.94,-0.92,-2.69,-0.43,NO_FALL,,
2026-07-28 10:08:14.409,-0.09,-0.34,0.92,-7.81,-2.2,-0.24,NO_FALL,,
2026-07-28 10:08:14.409,-0.09,-0.34,0.92,-7.81,-2.2,-0.24,NO_FALL,,
2026-07-28 10:08:14.410,-0.09,-0.35,0.92,-8.67,-0.49,-0.55,NO_FALL,,
2026-07-28 10:08:14.529,-0.09,-0.35,0.92,-8.67,-0.49,-0.55,NO_FALL,,
2026-07-28 10:08:14.529,-0.1,-0.35,0.94,-1.16,2.01,-0.73,NO_FALL,,
2026-07-28 10:08:14.530,-0.1,-0.35,0.94,3.72,2.93,-1.34,NO_FALL,,
2026-07-28 10:08:14.530,-0.1,-0.33,0.95,3.72,2.93,-1.34,NO_FALL,,
2026-07-28 10:08:14.531,-0.09,-0.32,0.94,2.93,1.59,-1.89,NO_FALL,,
2026-07-28 10:08:14.590,-0.09,-0.32,0.94,2.93,1.59,-1.89,NO_FALL,,
2026-07-28 10:08:14.590,-0.09,-0.33,0.92,-2.2,0.31,-1.83,NO_FALL,,
2026-07-28 10:08:14.590,-0.09,-0.33,0.92,-2.2,0.31,-1.83,NO_FALL,,
2026-07-28 10:08:14.649,-0.1,-0.35,0.9,-8.61,1.59,-1.59,NO_FALL,,
2026-07-28 10:08:14.649,-0.1,-0.35,0.9,-8.61,1.59,-1.59,NO_FALL,,
2026-07-28 10:08:14.650,-0.1,-0.36,0.91,-9.28,4.7,-1.83,NO_FALL,,
2026-07-28 10:08:14.709,-0.1,-0.36,0.91,-9.28,4.7,-1.83,NO_FALL,,
2026-07-28 10:08:14.709,-0.1,-0.36,0.93,-3.78,6.59,-2.62,NO_FALL,,
2026-07-28 10:08:14.769,-0.11,-0.35,0.94,-1.46,7.02,-2.69,NO_FALL,,
2026-07-28 10:08:14.769,-0.11,-0.35,0.94,-1.46,7.02,-2.69,NO_FALL,,
2026-07-28 10:08:14.770,-0.12,-0.36,0.93,-7.08,7.14,-1.95,NO_FALL,,
2026-07-28 10:08:14.829,-0.12,-0.36,0.93,-7.08,7.14,-1.95,NO_FALL,,
2026-07-28 10:08:14.833,-0.13,-0.37,0.92,-10.86,6.16,-2.08,NO_FALL,,
2026-07-28 10:08:14.834,-0.13,-0.37,0.92,-10.86,6.16,-2.08,NO_FALL,,
2026-07-28 10:08:14.889,-0.12,-0.37,0.92,-6.29,4.33,-2.81,NO_FALL,,
2026-07-28 10:08:14.890,-0.12,-0.37,0.92,-6.29,4.33,-2.81,NO_FALL,,
2026-07-28 10:08:14.890,-0.13,-0.37,0.91,-5.25,2.93,-3.48,NO_FALL,,
2026-07-28 10:08:15.009,-0.13,-0.37,0.91,-12.57,0.67,-5.0,NO_FALL,,
2026-07-28 10:08:15.009,-0.12,-0.39,0.9,-12.57,0.67,-5.0,NO_FALL,,
2026-07-28 10:08:15.010,-0.09,-0.39,0.88,-17.27,-2.81,-7.02,NO_FALL,,
2026-07-28 10:08:15.010,-0.09,-0.39,0.88,-17.27,-2.81,-7.02,NO_FALL,,
2026-07-28 10:08:15.011,-0.08,-0.4,0.89,-17.46,-3.36,-6.96,NO_FALL,,
2026-07-28 10:08:15.069,-0.08,-0.4,0.89,-17.46,-3.36,-6.96,NO_FALL,,
2026-07-28 10:08:15.069,-0.11,-0.42,0.9,-20.08,1.28,-4.03,NO_FALL,,
2026-07-28 10:08:15.070,-0.11,-0.42,0.9,-20.08,1.28,-4.03,NO_FALL,,
2026-07-28 10:08:15.249,-0.14,-0.44,0.9,-24.48,5.8,-1.65,NO_FALL,,
2026-07-28 10:08:15.249,-0.14,-0.44,0.9,-24.66,5.43,-2.32,NO_FALL,,
2026-07-28 10:08:15.250,-0.14,-0.46,0.9,-24.66,5.43,-2.32,NO_FALL,,
2026-07-28 10:08:15.250,-0.13,-0.47,0.91,-16.78,3.05,-3.48,NO_FALL,,
2026-07-28 10:08:15.251,-0.13,-0.47,0.91,-16.78,3.05,-3.48,NO_FALL,,
2026-07-28 10:08:15.252,-0.1,-0.46,0.91,-6.04,0.79,-3.97,NO_FALL,,
2026-07-28 10:08:15.253,-0.1,-0.46,0.91,-6.04,0.79,-3.97,NO_FALL,,
2026-07-28 10:08:15.253,-0.08,-0.46,0.89,-5.0,-0.85,-3.23,NO_FALL,,
2026-07-28 10:08:15.312,-0.08,-0.46,0.89,-12.82,-0.85,-1.95,NO_FALL,,
2026-07-28 10:08:15.312,-0.09,-0.48,0.86,-12.82,-0.85,-1.95,NO_FALL,,
2026-07-28 10:08:15.369,-0.1,-0.49,0.84,-17.52,0.49,-1.46,NO_FALL,,
2026-07-28 10:08:15.369,-0.1,-0.49,0.84,-17.52,0.49,-1.46,NO_FALL,,
2026-07-28 10:08:15.370,-0.13,-0.5,0.84,-15.26,2.2,-1.83,NO_FALL,,
2026-07-28 10:08:15.489,-0.13,-0.5,0.84,-15.26,2.2,-1.83,NO_FALL,,
2026-07-28 10:08:15.489,-0.16,-0.49,0.85,-11.78,2.38,-4.15,NO_FALL,,
2026-07-28 10:08:15.490,-0.16,-0.49,0.85,-11.78,2.38,-4.15,NO_FALL,,
2026-07-28 10:08:15.491,-0.18,-0.49,0.86,-15.14,1.46,-7.02,NO_FALL,,
2026-07-28 10:08:15.491,-0.18,-0.49,0.86,-29.42,-2.75,-12.02,NO_FALL,,
2026-07-28 10:08:15.549,-0.14,-0.52,0.87,-29.42,-2.75,-12.02,NO_FALL,,
2026-07-28 10:08:15.550,-0.06,-0.59,0.84,-48.58,-10.13,-18.98,NO_FALL,,
2026-07-28 10:08:15.550,-0.06,-0.59,0.84,-48.58,-10.13,-18.98,NO_FALL,,
2026-07-28 10:08:15.670,-0.02,-0.64,0.77,-48.83,-13.61,-20.26,NO_FALL,,
2026-07-28 10:08:15.672,-0.02,-0.64,0.77,-48.83,-13.61,-20.26,NO_FALL,,
2026-07-28 10:08:15.672,-0.02,-0.64,0.74,-22.4,-10.19,-12.88,NO_FALL,,
2026-07-28 10:08:15.672,-0.02,-0.64,0.74,-22.4,-10.19,-12.88,NO_FALL,,
2026-07-28 10:08:15.672,-0.05,-0.62,0.75,0.98,-3.3,-4.39,NO_FALL,,
2026-07-28 10:08:15.732,-0.07,-0.61,0.76,5.55,2.87,-2.08,NO_FALL,,
2026-07-28 10:08:15.733,-0.07,-0.61,0.76,5.55,2.87,-2.08,NO_FALL,,
2026-07-28 10:08:15.733,-0.07,-0.61,0.8,4.27,7.39,-2.62,NO_FALL,,
2026-07-28 10:08:15.849,-0.07,-0.61,0.8,4.27,7.39,-2.62,NO_FALL,,
2026-07-28 10:08:15.849,-0.07,-0.6,0.83,4.21,8.67,-2.26,NO_FALL,,
2026-07-28 10:08:15.850,-0.07,-0.6,0.83,4.21,8.67,-2.26,NO_FALL,,
2026-07-28 10:08:15.850,-0.07,-0.6,0.84,0.55,5.8,-2.93,NO_FALL,,
2026-07-28 10:08:15.851,-0.07,-0.6,0.84,0.55,5.8,-2.93,NO_FALL,,
2026-07-28 10:08:15.909,-0.09,-0.6,0.81,-5.0,2.93,-2.99,NO_FALL,,
2026-07-28 10:08:15.909,-0.1,-0.6,0.78,-5.74,2.5,-1.65,NO_FALL,,
2026-07-28 10:08:15.910,-0.1,-0.6,0.78,-5.74,2.5,-1.65,NO_FALL,,
2026-07-28 10:08:15.969,-0.09,-0.61,0.77,-6.96,1.34,-4.09,NO_FALL,,
2026-07-28 10:08:15.969,-0.09,-0.61,0.77,-6.96,1.34,-4.09,NO_FALL,,
2026-07-28 10:08:15.970,-0.07,-0.64,0.76,-10.5,1.4,-6.53,NO_FALL,,
2026-07-28 10:08:16.090,-0.07,-0.64,0.76,-10.5,1.4,-6.53,NO_FALL,,
2026-07-28 10:08:16.090,-0.07,-0.64,0.77,-3.42,5.49,-2.62,NO_FALL,,
2026-07-28 10:08:16.091,-0.07,-0.64,0.77,-3.42,5.49,-2.62,NO_FALL,,
2026-07-28 10:08:16.091,-0.07,-0.6,0.79,8.97,8.73,2.01,NO_FALL,,
2026-07-28 10:08:16.092,-0.07,-0.6,0.79,8.97,8.73,2.01,NO_FALL,,
2026-07-28 10:08:16.152,-0.06,-0.59,0.8,9.83,7.26,1.59,NO_FALL,,
2026-07-28 10:08:16.152,-0.06,-0.59,0.8,2.32,3.42,-0.98,NO_FALL,,
2026-07-28 10:08:16.153,-0.06,-0.59,0.8,2.32,3.42,-0.98,NO_FALL,,
2026-07-28 10:08:16.208,-0.07,-0.6,0.79,-3.17,1.04,-1.89,NO_FALL,,
2026-07-28 10:08:16.209,-0.07,-0.6,0.79,-3.17,1.04,-1.89,NO_FALL,,
2026-07-28 10:08:16.269,-0.07,-0.6,0.79,-3.66,0.37,-1.22,NO_FALL,,
2026-07-28 10:08:16.269,-0.07,-0.6,0.79,-3.66,0.37,-1.22,NO_FALL,,
2026-07-28 10:08:16.270,-0.08,-0.6,0.79,-1.77,0.24,0.0,NO_FALL,,
2026-07-28 10:08:16.329,-0.08,-0.6,0.79,-1.77,0.24,0.0,NO_FALL,,
2026-07-28 10:08:16.329,-0.09,-0.61,0.78,-2.56,0.12,0.12,NO_FALL,,
2026-07-28 10:08:16.330,-0.09,-0.61,0.78,-5.98,-0.31,-1.4,NO_FALL,,
2026-07-28 10:08:16.453,-0.1,-0.63,0.78,-5.98,-0.31,-1.4,NO_FALL,,
2026-07-28 10:08:16.455,-0.1,-0.64,0.77,-7.39,-0.24,-2.87,NO_FALL,,
2026-07-28 10:08:16.455,-0.1,-0.64,0.77,-7.39,-0.24,-2.87,NO_FALL,,
2026-07-28 10:08:16.455,-0.09,-0.64,0.77,-3.17,0.37,-2.2,NO_FALL,,
2026-07-28 10:08:16.456,-0.09,-0.64,0.77,-3.17,0.37,-2.2,NO_FALL,,
